page_id,engine,kind,source_doc,dpi,font,degradation,small_set,cer,wer,bow_recall,number_recall,rev_cer,cer_raw,wer_raw,cer_aggressive,seconds,error
dubai-law-7-2025_p10_150dpi,apple-vision,born-digital,dubai-law-7-2025,150,Times New Roman,none,0,0.0163,0.0206,0.9794,0.9444,0.7709,0.0291,0.0708,0.0161,0.5469,
dubai-law-7-2025_p10_300dpi,apple-vision,born-digital,dubai-law-7-2025,300,Times New Roman,none,0,0.0010,0.0059,0.9941,1.0000,0.7755,0.0134,0.0472,0.0010,0.6210,
dubai-law-7-2025_p12_150dpi,apple-vision,born-digital,dubai-law-7-2025,150,Times New Roman,none,0,0.0020,0.0038,0.9962,0.9545,0.7693,0.0176,0.0646,0.0014,0.4365,
dubai-law-7-2025_p12_300dpi,apple-vision,born-digital,dubai-law-7-2025,300,Times New Roman,none,0,0.0020,0.0038,0.9962,0.9545,0.7693,0.0164,0.0570,0.0014,0.4861,
dubai-law-7-2025_p14_150dpi,apple-vision,born-digital,dubai-law-7-2025,150,Times New Roman,none,0,0.0006,0.0037,0.9963,1.0000,0.7776,0.0146,0.0584,0.0006,0.4426,
dubai-law-7-2025_p14_300dpi,apple-vision,born-digital,dubai-law-7-2025,300,Times New Roman,none,0,0.0000,0.0000,1.0000,1.0000,0.7770,0.0117,0.0438,0.0000,0.4647,
dubai-law-7-2025_p1_150dpi,apple-vision,born-digital,dubai-law-7-2025,150,Times New Roman,none,1,0.0000,0.0000,1.0000,1.0000,0.7933,0.0305,0.0351,0.0000,0.5401,
dubai-law-7-2025_p1_300dpi,apple-vision,born-digital,dubai-law-7-2025,300,Times New Roman,none,1,0.0006,0.0070,0.9965,1.0000,0.7939,0.0305,0.0421,0.0006,0.8450,
dubai-law-7-2025_p2_150dpi,apple-vision,born-digital,dubai-law-7-2025,150,Times New Roman,none,0,0.0000,0.0000,1.0000,1.0000,0.7748,0.0139,0.0568,0.0000,0.4949,
dubai-law-7-2025_p2_300dpi,apple-vision,born-digital,dubai-law-7-2025,300,Times New Roman,none,1,0.0007,0.0044,0.9956,1.0000,0.7748,0.0152,0.0568,0.0007,0.5164,
dubai-law-7-2025_p4_150dpi,apple-vision,born-digital,dubai-law-7-2025,150,Times New Roman,none,0,0.0224,0.0236,0.9764,0.9444,0.7693,0.0307,0.0708,0.0231,0.3803,
dubai-law-7-2025_p4_300dpi,apple-vision,born-digital,dubai-law-7-2025,300,Times New Roman,none,0,0.0069,0.0142,0.9953,0.9444,0.7724,0.0154,0.0566,0.0064,0.4252,
dubai-law-7-2025_p6_150dpi,apple-vision,born-digital,dubai-law-7-2025,150,Times New Roman,none,0,0.0005,0.0033,0.9967,1.0000,0.7748,0.0144,0.0590,0.0005,0.5888,
dubai-law-7-2025_p6_300dpi,apple-vision,born-digital,dubai-law-7-2025,300,Times New Roman,none,0,0.0000,0.0000,1.0000,1.0000,0.7748,0.0148,0.0623,0.0000,0.6186,
dubai-law-7-2025_p8_150dpi,apple-vision,born-digital,dubai-law-7-2025,150,Times New Roman,none,0,0.0028,0.0040,0.9960,0.9444,0.7667,0.0185,0.0562,0.0015,0.4179,
dubai-law-7-2025_p8_300dpi,apple-vision,born-digital,dubai-law-7-2025,300,Times New Roman,none,0,0.0000,0.0000,1.0000,1.0000,0.7674,0.0178,0.0643,0.0000,0.4771,
mohre-labour-law-33-2021_p10L_150dpi,apple-vision,born-digital,mohre-labour-law-33-2021,150,"Muna, TheSansArabic",none,0,0.0055,0.0000,1.0000,1.0000,0.7569,0.1514,0.7560,0.0000,0.3249,
mohre-labour-law-33-2021_p10L_300dpi,apple-vision,born-digital,mohre-labour-law-33-2021,300,"Muna, TheSansArabic",none,1,0.0022,0.0000,1.0000,1.0000,0.7558,0.1514,0.7560,0.0023,0.3761,
mohre-labour-law-33-2021_p12R_150dpi,apple-vision,born-digital,mohre-labour-law-33-2021,150,"Muna, TheSansArabic",none,0,0.0000,0.0000,1.0000,1.0000,0.7518,0.1668,0.7273,0.0000,0.3910,
mohre-labour-law-33-2021_p12R_300dpi,apple-vision,born-digital,mohre-labour-law-33-2021,300,"Muna, TheSansArabic",none,0,0.0016,0.0000,1.0000,1.0000,0.7526,0.1654,0.7273,0.0000,0.4465,
mohre-labour-law-33-2021_p16L_150dpi,apple-vision,born-digital,mohre-labour-law-33-2021,150,"Muna, TheSansArabic",none,0,0.0000,0.0000,1.0000,1.0000,0.7673,0.1619,0.7299,0.0000,0.3940,
mohre-labour-law-33-2021_p16L_300dpi,apple-vision,born-digital,mohre-labour-law-33-2021,300,"Muna, TheSansArabic",none,0,0.0000,0.0000,1.0000,1.0000,0.7673,0.1612,0.7251,0.0000,0.4296,
mohre-labour-law-33-2021_p20R_150dpi,apple-vision,born-digital,mohre-labour-law-33-2021,150,"Muna, TheSansArabic",none,0,0.0012,0.0000,1.0000,1.0000,0.7668,0.1308,0.6443,0.0000,0.2892,
mohre-labour-law-33-2021_p20R_300dpi,apple-vision,born-digital,mohre-labour-law-33-2021,300,"Muna, TheSansArabic",none,0,0.0012,0.0000,1.0000,1.0000,0.7668,0.1287,0.6376,0.0000,0.3746,
mohre-labour-law-33-2021_p26L_150dpi,apple-vision,born-digital,mohre-labour-law-33-2021,150,"Muna, TheSansArabic",none,0,0.0000,0.0000,1.0000,1.0000,0.7643,0.1761,0.8083,0.0000,0.5374,
mohre-labour-law-33-2021_p26L_300dpi,apple-vision,born-digital,mohre-labour-law-33-2021,300,"Muna, TheSansArabic",none,0,0.0000,0.0000,1.0000,1.0000,0.7643,0.1756,0.8083,0.0000,0.5840,
mohre-labour-law-33-2021_p32R_150dpi,apple-vision,born-digital,mohre-labour-law-33-2021,150,"Muna, TheSansArabic",none,0,0.0000,0.0000,1.0000,1.0000,0.7934,0.0055,0.0333,0.0000,0.1727,
mohre-labour-law-33-2021_p32R_300dpi,apple-vision,born-digital,mohre-labour-law-33-2021,300,"Muna, TheSansArabic",none,0,0.0028,0.0000,1.0000,1.0000,0.7934,0.0028,0.0000,0.0000,0.2128,
mohre-labour-law-33-2021_p38L_150dpi,apple-vision,born-digital,mohre-labour-law-33-2021,150,"Muna, TheSansArabic",none,0,0.0028,0.0000,1.0000,1.0000,0.7770,0.1629,0.7216,0.0000,0.3359,
mohre-labour-law-33-2021_p38L_300dpi,apple-vision,born-digital,mohre-labour-law-33-2021,300,"Muna, TheSansArabic",none,0,0.0028,0.0103,0.9948,1.0000,0.7752,0.1613,0.7320,0.0010,0.3969,
mohre-labour-law-33-2021_p8R_150dpi,apple-vision,born-digital,mohre-labour-law-33-2021,150,"Muna, TheSansArabic",none,1,0.0028,0.0000,1.0000,1.0000,0.7706,0.1580,0.6010,0.0000,0.3703,
mohre-labour-law-33-2021_p8R_300dpi,apple-vision,born-digital,mohre-labour-law-33-2021,300,"Muna, TheSansArabic",none,1,0.0028,0.0053,0.9947,1.0000,0.7697,0.1603,0.6010,0.0010,0.4832,
synth-t1_noto-naskh_clean,apple-vision,synthetic,dubai-law-7-2025,300,noto-naskh,none,1,0.0000,0.0000,1.0000,1.0000,0.7785,0.0105,0.0688,0.0000,0.3594,
synth-t1_noto-naskh_scan,apple-vision,synthetic,dubai-law-7-2025,300,noto-naskh,scan,1,0.0010,0.0063,0.9938,1.0000,0.7785,0.0096,0.0625,0.0010,0.4169,
synth-t1_tahoma_clean,apple-vision,synthetic,dubai-law-7-2025,300,tahoma,none,0,0.0061,0.0375,0.9625,1.0000,0.7683,0.0086,0.0563,0.0063,0.3881,
synth-t1_tahoma_scan,apple-vision,synthetic,dubai-law-7-2025,300,tahoma,scan,1,0.0061,0.0375,0.9625,1.0000,0.7683,0.0086,0.0563,0.0063,0.4274,
synth-t1_times-new-roman_clean,apple-vision,synthetic,dubai-law-7-2025,300,times-new-roman,none,0,0.0000,0.0000,1.0000,1.0000,0.7805,0.0067,0.0437,0.0000,0.3190,
synth-t1_times-new-roman_scan,apple-vision,synthetic,dubai-law-7-2025,300,times-new-roman,scan,1,0.0000,0.0000,1.0000,1.0000,0.7805,0.0086,0.0563,0.0000,0.3863,
synth-t2_noto-naskh_clean,apple-vision,synthetic,dubai-law-7-2025,300,noto-naskh,none,0,0.0000,0.0000,1.0000,1.0000,0.7715,0.0136,0.0848,0.0000,0.3663,
synth-t2_noto-naskh_scan,apple-vision,synthetic,dubai-law-7-2025,300,noto-naskh,scan,0,0.0020,0.0121,0.9879,1.0000,0.7705,0.0154,0.0970,0.0020,0.3994,
synth-t2_tahoma_clean,apple-vision,synthetic,dubai-law-7-2025,300,tahoma,none,0,0.0039,0.0242,0.9758,1.0000,0.7764,0.0145,0.0667,0.0040,0.4255,
synth-t2_tahoma_scan,apple-vision,synthetic,dubai-law-7-2025,300,tahoma,scan,0,0.0039,0.0242,0.9758,1.0000,0.7764,0.0145,0.0727,0.0040,0.4380,
synth-t2_times-new-roman_clean,apple-vision,synthetic,dubai-law-7-2025,300,times-new-roman,none,0,0.0020,0.0061,0.9939,1.0000,0.7646,0.0236,0.1091,0.0010,0.3281,
synth-t2_times-new-roman_scan,apple-vision,synthetic,dubai-law-7-2025,300,times-new-roman,scan,0,0.0020,0.0061,0.9939,1.0000,0.7656,0.0236,0.1152,0.0010,0.3780,
synth-t3_noto-naskh_clean,apple-vision,synthetic,mohre-labour-law-33-2021,300,noto-naskh,none,0,0.0013,0.0077,0.9923,1.0000,0.7643,0.0013,0.0077,0.0014,0.2677,
synth-t3_noto-naskh_scan,apple-vision,synthetic,mohre-labour-law-33-2021,300,noto-naskh,scan,0,0.0000,0.0000,1.0000,1.0000,0.7643,0.0000,0.0000,0.0000,0.3355,
synth-t3_tahoma_clean,apple-vision,synthetic,mohre-labour-law-33-2021,300,tahoma,none,0,0.0000,0.0000,1.0000,1.0000,0.7630,0.0000,0.0000,0.0000,0.2953,
synth-t3_tahoma_scan,apple-vision,synthetic,mohre-labour-law-33-2021,300,tahoma,scan,0,0.0000,0.0000,1.0000,1.0000,0.7630,0.0000,0.0000,0.0000,0.3360,
synth-t3_times-new-roman_clean,apple-vision,synthetic,mohre-labour-law-33-2021,300,times-new-roman,none,0,0.0000,0.0000,1.0000,1.0000,0.7763,0.0040,0.0231,0.0000,0.2790,
synth-t3_times-new-roman_scan,apple-vision,synthetic,mohre-labour-law-33-2021,300,times-new-roman,scan,0,0.0000,0.0000,1.0000,1.0000,0.7763,0.0013,0.0077,0.0000,0.3328,
synth-t4_noto-naskh_clean,apple-vision,synthetic,mohre-labour-law-33-2021,300,noto-naskh,none,0,0.0025,0.0074,0.9926,1.0000,0.7681,0.0025,0.0221,0.0013,0.2704,
synth-t4_noto-naskh_scan,apple-vision,synthetic,mohre-labour-law-33-2021,300,noto-naskh,scan,0,0.0025,0.0074,0.9926,1.0000,0.7681,0.0038,0.0294,0.0013,0.3197,
synth-t4_tahoma_clean,apple-vision,synthetic,mohre-labour-law-33-2021,300,tahoma,none,0,0.0013,0.0000,1.0000,1.0000,0.7757,0.0013,0.0147,0.0000,0.3042,
synth-t4_tahoma_scan,apple-vision,synthetic,mohre-labour-law-33-2021,300,tahoma,scan,0,0.0013,0.0000,1.0000,1.0000,0.7757,0.0013,0.0147,0.0000,0.3597,
synth-t4_times-new-roman_clean,apple-vision,synthetic,mohre-labour-law-33-2021,300,times-new-roman,none,0,0.0013,0.0000,1.0000,1.0000,0.7655,0.0113,0.0735,0.0000,0.2670,
synth-t4_times-new-roman_scan,apple-vision,synthetic,mohre-labour-law-33-2021,300,times-new-roman,scan,0,0.0000,0.0000,1.0000,1.0000,0.7668,0.0025,0.0147,0.0000,0.3223,
dubai-law-7-2025_p10_150dpi,docling-easyocr,born-digital,dubai-law-7-2025,150,Times New Roman,none,0,0.4911,0.6519,0.7168,1.0000,0.7283,0.5227,0.7552,0.4742,3.7109,
dubai-law-7-2025_p10_300dpi,docling-easyocr,born-digital,dubai-law-7-2025,300,Times New Roman,none,0,0.4784,0.6136,0.7758,0.9444,0.7354,0.5108,0.7316,0.4669,3.4731,
dubai-law-7-2025_p12_150dpi,docling-easyocr,born-digital,dubai-law-7-2025,150,Times New Roman,none,0,0.4907,0.6221,0.8473,1.0000,0.7380,0.5186,0.7148,0.4790,2.8279,
dubai-law-7-2025_p12_300dpi,docling-easyocr,born-digital,dubai-law-7-2025,300,Times New Roman,none,0,0.5452,0.7023,0.6870,1.0000,0.7247,0.5677,0.7529,0.5286,2.9029,
dubai-law-7-2025_p14_150dpi,docling-easyocr,born-digital,dubai-law-7-2025,150,Times New Roman,none,0,0.5242,0.6630,0.7363,1.0000,0.7348,0.5521,0.7482,0.5144,3.0012,
dubai-law-7-2025_p14_300dpi,docling-easyocr,born-digital,dubai-law-7-2025,300,Times New Roman,none,0,0.5311,0.6337,0.6410,0.8824,0.7311,0.5591,0.7372,0.5214,2.9681,
dubai-law-7-2025_p1_150dpi,docling-easyocr,born-digital,dubai-law-7-2025,150,Times New Roman,none,1,0.4878,0.5739,0.7923,0.7692,0.7618,0.5158,0.6281,0.4736,3.1688,
dubai-law-7-2025_p1_300dpi,docling-easyocr,born-digital,dubai-law-7-2025,300,Times New Roman,none,1,0.4896,0.5775,0.8415,0.9231,0.7743,0.5136,0.6421,0.4729,4.1357,
dubai-law-7-2025_p2_150dpi,docling-easyocr,born-digital,dubai-law-7-2025,150,Times New Roman,none,0,0.5925,0.7642,0.5764,1.0000,0.7255,0.6196,0.8122,0.5814,2.7964,
dubai-law-7-2025_p2_300dpi,docling-easyocr,born-digital,dubai-law-7-2025,300,Times New Roman,none,1,0.4926,0.6550,0.7598,1.0000,0.7199,0.5277,0.7642,0.4846,2.8185,
dubai-law-7-2025_p4_150dpi,docling-easyocr,born-digital,dubai-law-7-2025,150,Times New Roman,none,0,0.4861,0.6462,0.7830,0.9444,0.7400,0.5102,0.7264,0.4701,2.7513,
dubai-law-7-2025_p4_300dpi,docling-easyocr,born-digital,dubai-law-7-2025,300,Times New Roman,none,0,0.5139,0.6604,0.7028,0.9444,0.7238,0.5395,0.7547,0.4996,2.7458,
dubai-law-7-2025_p6_150dpi,docling-easyocr,born-digital,dubai-law-7-2025,150,Times New Roman,none,0,0.4898,0.6875,0.7697,0.9565,0.7354,0.5196,0.8033,0.4804,3.6400,
dubai-law-7-2025_p6_300dpi,docling-easyocr,born-digital,dubai-law-7-2025,300,Times New Roman,none,0,0.4632,0.6349,0.7072,0.7826,0.7165,0.4952,0.7607,0.4552,3.5060,
dubai-law-7-2025_p8_150dpi,docling-easyocr,born-digital,dubai-law-7-2025,150,Times New Roman,none,0,0.5078,0.6386,0.7108,0.9444,0.7212,0.5333,0.7349,0.4934,2.7611,
dubai-law-7-2025_p8_300dpi,docling-easyocr,born-digital,dubai-law-7-2025,300,Times New Roman,none,0,0.4659,0.5462,0.6988,0.9444,0.7255,0.4997,0.6627,0.4525,2.7633,
mohre-labour-law-33-2021_p10L_150dpi,docling-easyocr,born-digital,mohre-labour-law-33-2021,150,"Muna, TheSansArabic",none,0,0.4862,0.6310,0.6131,0.8571,0.7116,0.5645,0.8869,0.4745,1.4637,
mohre-labour-law-33-2021_p10L_300dpi,docling-easyocr,born-digital,mohre-labour-law-33-2021,300,"Muna, TheSansArabic",none,1,0.4785,0.6786,0.5536,0.7143,0.7017,0.5710,0.8929,0.4734,1.4559,
mohre-labour-law-33-2021_p12R_150dpi,docling-easyocr,born-digital,mohre-labour-law-33-2021,150,"Muna, TheSansArabic",none,0,0.4488,0.5864,0.7000,0.6923,0.7107,0.5378,0.8727,0.4366,1.8720,
mohre-labour-law-33-2021_p12R_300dpi,docling-easyocr,born-digital,mohre-labour-law-33-2021,300,"Muna, TheSansArabic",none,0,0.4940,0.6364,0.6818,0.6154,0.7051,0.5827,0.8909,0.4789,1.9043,
mohre-labour-law-33-2021_p16L_150dpi,docling-easyocr,born-digital,mohre-labour-law-33-2021,150,"Muna, TheSansArabic",none,0,0.4748,0.5403,0.6445,0.9091,0.7117,0.5559,0.8531,0.4586,1.6492,
mohre-labour-law-33-2021_p16L_300dpi,docling-easyocr,born-digital,mohre-labour-law-33-2021,300,"Muna, TheSansArabic",none,0,0.3422,0.4408,0.7915,0.8182,0.7357,0.4434,0.8720,0.3213,1.7172,
mohre-labour-law-33-2021_p20R_150dpi,docling-easyocr,born-digital,mohre-labour-law-33-2021,150,"Muna, TheSansArabic",none,0,0.4099,0.5570,0.8054,0.8571,0.7332,0.4780,0.7987,0.3887,1.4266,
mohre-labour-law-33-2021_p20R_300dpi,docling-easyocr,born-digital,mohre-labour-law-33-2021,300,"Muna, TheSansArabic",none,0,0.3978,0.5235,0.6174,0.7143,0.7163,0.4770,0.8389,0.3787,1.3746,
mohre-labour-law-33-2021_p26L_150dpi,docling-easyocr,born-digital,mohre-labour-law-33-2021,150,"Muna, TheSansArabic",none,0,0.4507,0.6128,0.6391,0.7500,0.7285,0.5420,0.9398,0.4400,2.0609,
mohre-labour-law-33-2021_p26L_300dpi,docling-easyocr,born-digital,mohre-labour-law-33-2021,300,"Muna, TheSansArabic",none,0,0.4425,0.5977,0.6278,0.8333,0.7223,0.5358,0.9323,0.4316,1.9667,
mohre-labour-law-33-2021_p32R_150dpi,docling-easyocr,born-digital,mohre-labour-law-33-2021,150,"Muna, TheSansArabic",none,0,0.4876,0.5000,1.0000,1.0000,0.8926,0.4904,0.5000,0.2216,1.1973,
mohre-labour-law-33-2021_p32R_300dpi,docling-easyocr,born-digital,mohre-labour-law-33-2021,300,"Muna, TheSansArabic",none,0,0.4931,0.5000,1.0000,1.0000,0.8981,0.4931,0.5000,0.2216,1.2621,
mohre-labour-law-33-2021_p38L_150dpi,docling-easyocr,born-digital,mohre-labour-law-33-2021,150,"Muna, TheSansArabic",none,0,0.4506,0.5670,0.6907,1.0000,0.7187,0.5382,0.8454,0.4355,1.6859,
mohre-labour-law-33-2021_p38L_300dpi,docling-easyocr,born-digital,mohre-labour-law-33-2021,300,"Muna, TheSansArabic",none,0,0.3904,0.5103,0.6856,1.0000,0.7262,0.4917,0.8299,0.3802,1.6110,
mohre-labour-law-33-2021_p8R_150dpi,docling-easyocr,born-digital,mohre-labour-law-33-2021,150,"Muna, TheSansArabic",none,1,0.4616,0.6368,0.6842,0.8000,0.7238,0.5332,0.8497,0.4518,1.6997,
mohre-labour-law-33-2021_p8R_300dpi,docling-easyocr,born-digital,mohre-labour-law-33-2021,300,"Muna, TheSansArabic",none,1,0.5328,0.6789,0.5368,0.8000,0.7257,0.6082,0.8135,0.5241,1.8036,
synth-t1_noto-naskh_clean,docling-easyocr,synthetic,dubai-law-7-2025,300,noto-naskh,none,1,0.5000,0.6188,0.6687,0.6667,0.7287,0.5316,0.7250,0.4895,2.0184,
synth-t1_noto-naskh_scan,docling-easyocr,synthetic,dubai-law-7-2025,300,noto-naskh,scan,1,0.4106,0.5312,0.7688,1.0000,0.7378,0.4483,0.6687,0.3954,1.9839,
synth-t1_tahoma_clean,docling-easyocr,synthetic,dubai-law-7-2025,300,tahoma,none,0,0.4614,0.6250,0.7500,1.0000,0.7276,0.4904,0.7438,0.4529,2.0255,
synth-t1_tahoma_scan,docling-easyocr,synthetic,dubai-law-7-2025,300,tahoma,scan,1,0.4360,0.5875,0.8500,1.0000,0.7541,0.4674,0.7375,0.4247,1.9876,
synth-t1_times-new-roman_clean,docling-easyocr,synthetic,dubai-law-7-2025,300,times-new-roman,none,0,0.4929,0.6375,0.7375,1.0000,0.7368,0.5211,0.7500,0.4780,2.0615,
synth-t1_times-new-roman_scan,docling-easyocr,synthetic,dubai-law-7-2025,300,times-new-roman,scan,1,0.6423,0.7500,0.4188,1.0000,0.7510,0.6648,0.8313,0.6297,2.0079,
synth-t2_noto-naskh_clean,docling-easyocr,synthetic,dubai-law-7-2025,300,noto-naskh,none,0,0.4727,0.6485,0.6303,0.7500,0.7266,0.5154,0.7818,0.4691,1.9166,
synth-t2_noto-naskh_scan,docling-easyocr,synthetic,dubai-law-7-2025,300,noto-naskh,scan,0,0.4658,0.5818,0.8606,1.0000,0.7412,0.5018,0.7273,0.4551,2.0693,
synth-t2_tahoma_clean,docling-easyocr,synthetic,dubai-law-7-2025,300,tahoma,none,0,0.4697,0.5697,0.6667,0.8750,0.7217,0.5118,0.7152,0.4621,2.0226,
synth-t2_tahoma_scan,docling-easyocr,synthetic,dubai-law-7-2025,300,tahoma,scan,0,0.4590,0.5879,0.6303,0.8750,0.7256,0.4964,0.7333,0.4561,1.9777,
synth-t2_times-new-roman_clean,docling-easyocr,synthetic,dubai-law-7-2025,300,times-new-roman,none,0,0.5762,0.7030,0.6303,0.6250,0.7266,0.6005,0.8000,0.5719,2.0378,
synth-t2_times-new-roman_scan,docling-easyocr,synthetic,dubai-law-7-2025,300,times-new-roman,scan,0,0.3213,0.4121,0.8242,0.8750,0.7412,0.3732,0.6303,0.3104,1.9747,
synth-t3_noto-naskh_clean,docling-easyocr,synthetic,mohre-labour-law-33-2021,300,noto-naskh,none,0,0.5446,0.7231,0.8462,1.0000,0.7643,0.5511,0.7308,0.5272,1.6928,
synth-t3_noto-naskh_scan,docling-easyocr,synthetic,mohre-labour-law-33-2021,300,noto-naskh,scan,0,0.5140,0.7154,0.6538,0.6000,0.7297,0.5246,0.7231,0.5000,1.7738,
synth-t3_tahoma_clean,docling-easyocr,synthetic,mohre-labour-law-33-2021,300,tahoma,none,0,0.4794,0.6231,0.8077,0.8000,0.7483,0.4847,0.6308,0.4632,1.6909,
synth-t3_tahoma_scan,docling-easyocr,synthetic,mohre-labour-law-33-2021,300,tahoma,scan,0,0.4381,0.6231,0.7231,0.8000,0.7297,0.4396,0.6231,0.4264,1.7424,
synth-t3_times-new-roman_clean,docling-easyocr,synthetic,mohre-labour-law-33-2021,300,times-new-roman,none,0,0.4953,0.6231,0.7538,0.8000,0.7403,0.5073,0.6308,0.4823,1.6814,
synth-t3_times-new-roman_scan,docling-easyocr,synthetic,mohre-labour-law-33-2021,300,times-new-roman,scan,0,0.4128,0.5462,0.8000,1.0000,0.7324,0.4223,0.5462,0.4005,1.7619,
synth-t4_noto-naskh_clean,docling-easyocr,synthetic,mohre-labour-law-33-2021,300,noto-naskh,none,0,0.5703,0.7407,0.8000,1.0000,0.7389,0.5874,0.7426,0.5525,1.8259,
synth-t4_noto-naskh_scan,docling-easyocr,synthetic,mohre-labour-law-33-2021,300,noto-naskh,scan,0,0.5361,0.6815,0.7185,1.0000,0.7199,0.5497,0.6838,0.5240,1.8598,
synth-t4_tahoma_clean,docling-easyocr,synthetic,mohre-labour-law-33-2021,300,tahoma,none,0,0.5209,0.6519,0.7556,1.0000,0.7326,0.5308,0.6544,0.5136,1.6970,
synth-t4_tahoma_scan,docling-easyocr,synthetic,mohre-labour-law-33-2021,300,tahoma,scan,0,0.4816,0.6222,0.7704,1.0000,0.7313,0.4981,0.6250,0.4695,1.9006,
synth-t4_times-new-roman_clean,docling-easyocr,synthetic,mohre-labour-law-33-2021,300,times-new-roman,none,0,0.3878,0.4593,0.9630,1.0000,0.7706,0.3987,0.4559,0.3748,1.7062,
synth-t4_times-new-roman_scan,docling-easyocr,synthetic,mohre-labour-law-33-2021,300,times-new-roman,scan,0,0.4537,0.5481,0.7259,0.8000,0.7212,0.4642,0.5662,0.4475,1.6990,
dubai-law-7-2025_p10_150dpi,docling-rapidocr,born-digital,dubai-law-7-2025,150,Times New Roman,none,0,0.1833,0.2714,0.7345,0.0000,0.7379,0.2035,0.3658,0.1681,0.9714,
dubai-law-7-2025_p10_300dpi,docling-rapidocr,born-digital,dubai-law-7-2025,300,Times New Roman,none,0,0.1585,0.2596,0.7611,0.0000,0.7390,0.1782,0.3510,0.1437,1.0325,
dubai-law-7-2025_p12_150dpi,docling-rapidocr,born-digital,dubai-law-7-2025,150,Times New Roman,none,0,0.3231,0.4046,0.6145,0.0000,0.7254,0.3352,0.4753,0.3076,0.8830,
dubai-law-7-2025_p12_300dpi,docling-rapidocr,born-digital,dubai-law-7-2025,300,Times New Roman,none,0,0.2088,0.3053,0.7176,0.0000,0.7267,0.2205,0.3574,0.1906,0.9282,
dubai-law-7-2025_p14_150dpi,docling-rapidocr,born-digital,dubai-law-7-2025,150,Times New Roman,none,0,0.4050,0.5275,0.4799,0.0000,0.7348,0.4210,0.5876,0.3936,0.8245,
dubai-law-7-2025_p14_300dpi,docling-rapidocr,born-digital,dubai-law-7-2025,300,Times New Roman,none,0,0.6130,0.6996,0.5165,0.0000,0.7304,0.6276,0.7372,0.6089,0.8919,
dubai-law-7-2025_p1_150dpi,docling-rapidocr,born-digital,dubai-law-7-2025,150,Times New Roman,none,1,0.3639,0.5493,0.4789,0.0256,0.7391,0.3869,0.5509,0.3524,0.8523,
dubai-law-7-2025_p1_300dpi,docling-rapidocr,born-digital,dubai-law-7-2025,300,Times New Roman,none,1,0.3002,0.4683,0.5563,0.0000,0.7457,0.3218,0.4877,0.2884,1.1930,
dubai-law-7-2025_p2_150dpi,docling-rapidocr,born-digital,dubai-law-7-2025,150,Times New Roman,none,0,0.2864,0.3974,0.7293,0.0000,0.7396,0.3045,0.4629,0.2713,0.8358,
dubai-law-7-2025_p2_300dpi,docling-rapidocr,born-digital,dubai-law-7-2025,300,Times New Roman,none,1,0.2505,0.3231,0.7817,0.0000,0.7467,0.2668,0.3974,0.2339,0.9017,
dubai-law-7-2025_p4_150dpi,docling-rapidocr,born-digital,dubai-law-7-2025,150,Times New Roman,none,0,0.2832,0.3679,0.6557,0.0556,0.7222,0.3038,0.4481,0.2650,0.8015,
dubai-law-7-2025_p4_300dpi,docling-rapidocr,born-digital,dubai-law-7-2025,300,Times New Roman,none,0,0.2701,0.4009,0.6321,0.0556,0.7184,0.2906,0.4811,0.2514,0.8650,
dubai-law-7-2025_p6_150dpi,docling-rapidocr,born-digital,dubai-law-7-2025,150,Times New Roman,none,0,0.4188,0.4967,0.5230,0.0870,0.7242,0.4354,0.5869,0.4075,0.9522,
dubai-law-7-2025_p6_300dpi,docling-rapidocr,born-digital,dubai-law-7-2025,300,Times New Roman,none,0,0.3202,0.4243,0.6053,0.0870,0.7165,0.3368,0.5049,0.3064,1.0084,
dubai-law-7-2025_p8_150dpi,docling-rapidocr,born-digital,dubai-law-7-2025,150,Times New Roman,none,0,0.1622,0.2610,0.7550,0.0556,0.7376,0.1918,0.3855,0.1447,0.8003,
dubai-law-7-2025_p8_300dpi,docling-rapidocr,born-digital,dubai-law-7-2025,300,Times New Roman,none,0,0.1565,0.2249,0.7871,0.0556,0.7340,0.1846,0.3534,0.1396,0.8491,
mohre-labour-law-33-2021_p10L_150dpi,docling-rapidocr,born-digital,mohre-labour-law-33-2021,150,"Muna, TheSansArabic",none,0,0.0586,0.0714,0.9286,0.4286,0.7403,0.2009,0.7976,0.0453,0.6125,
mohre-labour-law-33-2021_p10L_300dpi,docling-rapidocr,born-digital,mohre-labour-law-33-2021,300,"Muna, TheSansArabic",none,1,0.0608,0.0833,0.9167,0.1429,0.7403,0.2028,0.8214,0.0476,0.6405,
mohre-labour-law-33-2021_p12R_150dpi,docling-rapidocr,born-digital,mohre-labour-law-33-2021,150,"Muna, TheSansArabic",none,0,0.1201,0.1682,0.8318,0.0769,0.7276,0.2652,0.8227,0.1027,0.7417,
mohre-labour-law-33-2021_p12R_300dpi,docling-rapidocr,born-digital,mohre-labour-law-33-2021,300,"Muna, TheSansArabic",none,0,0.1265,0.1545,0.8455,0.0769,0.7212,0.2719,0.8636,0.1085,0.7783,
mohre-labour-law-33-2021_p16L_150dpi,docling-rapidocr,born-digital,mohre-labour-law-33-2021,150,"Muna, TheSansArabic",none,0,0.1266,0.1517,0.8483,0.0909,0.7322,0.2665,0.7915,0.1083,0.6873,
mohre-labour-law-33-2021_p16L_300dpi,docling-rapidocr,born-digital,mohre-labour-law-33-2021,300,"Muna, TheSansArabic",none,0,0.2318,0.2607,0.7393,0.0909,0.7211,0.3553,0.8009,0.2157,0.7227,
mohre-labour-law-33-2021_p20R_150dpi,docling-rapidocr,born-digital,mohre-labour-law-33-2021,150,"Muna, TheSansArabic",none,0,0.1334,0.2282,0.7718,0.1429,0.7236,0.2448,0.7718,0.1062,0.6017,
mohre-labour-law-33-2021_p20R_300dpi,docling-rapidocr,born-digital,mohre-labour-law-33-2021,300,"Muna, TheSansArabic",none,0,0.1550,0.2416,0.7584,0.1429,0.7260,0.2626,0.7852,0.1288,0.6463,
mohre-labour-law-33-2021_p26L_150dpi,docling-rapidocr,born-digital,mohre-labour-law-33-2021,150,"Muna, TheSansArabic",none,0,0.1178,0.1579,0.8421,0.0833,0.7436,0.2727,0.8647,0.1074,0.7723,
mohre-labour-law-33-2021_p26L_300dpi,docling-rapidocr,born-digital,mohre-labour-law-33-2021,300,"Muna, TheSansArabic",none,0,0.0531,0.0865,0.9135,0.0833,0.7622,0.2199,0.8534,0.0421,0.7867,
mohre-labour-law-33-2021_p32R_150dpi,docling-rapidocr,born-digital,mohre-labour-law-33-2021,150,"Muna, TheSansArabic",none,0,0.5647,0.5667,0.6167,0.6190,0.7961,0.5675,0.5667,0.3965,0.8658,
mohre-labour-law-33-2021_p32R_300dpi,docling-rapidocr,born-digital,mohre-labour-law-33-2021,300,"Muna, TheSansArabic",none,0,0.5785,0.6000,0.6167,0.6667,0.8072,0.5868,0.6000,0.3644,0.9186,
mohre-labour-law-33-2021_p38L_150dpi,docling-rapidocr,born-digital,mohre-labour-law-33-2021,150,"Muna, TheSansArabic",none,0,0.1392,0.1546,0.8454,0.2222,0.7413,0.2762,0.7784,0.1164,0.6825,
mohre-labour-law-33-2021_p38L_300dpi,docling-rapidocr,born-digital,mohre-labour-law-33-2021,300,"Muna, TheSansArabic",none,0,0.0865,0.1082,0.9021,0.3333,0.7498,0.2329,0.7835,0.0640,0.7262,
mohre-labour-law-33-2021_p8R_150dpi,docling-rapidocr,born-digital,mohre-labour-law-33-2021,150,"Muna, TheSansArabic",none,1,0.1386,0.1947,0.8053,0.2000,0.7425,0.2741,0.7306,0.1233,0.6612,
mohre-labour-law-33-2021_p8R_300dpi,docling-rapidocr,born-digital,mohre-labour-law-33-2021,300,"Muna, TheSansArabic",none,1,0.1367,0.1737,0.8263,0.2000,0.7425,0.2725,0.6736,0.1214,0.7009,
synth-t1_noto-naskh_clean,docling-rapidocr,synthetic,dubai-law-7-2025,300,noto-naskh,none,1,0.0833,0.2875,0.7125,0.0000,0.7591,0.0948,0.3563,0.0680,0.6276,
synth-t1_noto-naskh_scan,docling-rapidocr,synthetic,dubai-law-7-2025,300,noto-naskh,scan,1,0.0874,0.2062,0.7937,0.0000,0.7510,0.1054,0.2875,0.0732,0.6976,
synth-t1_tahoma_clean,docling-rapidocr,synthetic,dubai-law-7-2025,300,tahoma,none,0,0.0295,0.0813,0.9187,0.3333,0.7876,0.0374,0.1375,0.0136,0.6943,
synth-t1_tahoma_scan,docling-rapidocr,synthetic,dubai-law-7-2025,300,tahoma,scan,1,0.0376,0.1000,0.9000,0.0000,0.7744,0.0479,0.1750,0.0188,0.7375,
synth-t1_times-new-roman_clean,docling-rapidocr,synthetic,dubai-law-7-2025,300,times-new-roman,none,0,0.1585,0.3125,0.6875,0.0000,0.7348,0.1695,0.3625,0.1464,0.6392,
synth-t1_times-new-roman_scan,docling-rapidocr,synthetic,dubai-law-7-2025,300,times-new-roman,scan,1,0.1504,0.2375,0.7625,0.0000,0.7368,0.1734,0.3688,0.1402,0.7029,
synth-t2_noto-naskh_clean,docling-rapidocr,synthetic,dubai-law-7-2025,300,noto-naskh,none,0,0.0947,0.2667,0.7333,0.0000,0.7471,0.1141,0.3455,0.0808,0.6919,
synth-t2_noto-naskh_scan,docling-rapidocr,synthetic,dubai-law-7-2025,300,noto-naskh,scan,0,0.0801,0.2606,0.7394,0.0000,0.7510,0.1087,0.3758,0.0659,0.7421,
synth-t2_tahoma_clean,docling-rapidocr,synthetic,dubai-law-7-2025,300,tahoma,none,0,0.1240,0.1758,0.8485,0.0000,0.7490,0.1368,0.2545,0.1058,0.6990,
synth-t2_tahoma_scan,docling-rapidocr,synthetic,dubai-law-7-2025,300,tahoma,scan,0,0.1221,0.2000,0.8121,0.0000,0.7324,0.1377,0.2667,0.1078,0.7505,
synth-t2_times-new-roman_clean,docling-rapidocr,synthetic,dubai-law-7-2025,300,times-new-roman,none,0,0.0752,0.2242,0.7758,0.0000,0.7510,0.1033,0.3333,0.0609,0.6556,
synth-t2_times-new-roman_scan,docling-rapidocr,synthetic,dubai-law-7-2025,300,times-new-roman,scan,0,0.1797,0.3394,0.6606,0.0000,0.7246,0.2138,0.4667,0.1677,0.7105,
synth-t3_noto-naskh_clean,docling-rapidocr,synthetic,mohre-labour-law-33-2021,300,noto-naskh,none,0,0.0346,0.0769,0.9231,0.0000,0.7577,0.0359,0.0846,0.0204,0.6052,
synth-t3_noto-naskh_scan,docling-rapidocr,synthetic,mohre-labour-law-33-2021,300,noto-naskh,scan,0,0.0360,0.0615,0.9385,0.0000,0.7630,0.0359,0.0615,0.0204,0.6698,
synth-t3_tahoma_clean,docling-rapidocr,synthetic,mohre-labour-law-33-2021,300,tahoma,none,0,0.1904,0.2308,0.7692,0.4000,0.7244,0.1912,0.2308,0.1839,0.6066,
synth-t3_tahoma_scan,docling-rapidocr,synthetic,mohre-labour-law-33-2021,300,tahoma,scan,0,0.1904,0.2154,0.7846,0.0000,0.7177,0.1912,0.2154,0.1812,0.6651,
synth-t3_times-new-roman_clean,docling-rapidocr,synthetic,mohre-labour-law-33-2021,300,times-new-roman,none,0,0.4354,0.5077,0.8769,0.0000,0.7577,0.4369,0.5154,0.4305,0.6058,
synth-t3_times-new-roman_scan,docling-rapidocr,synthetic,mohre-labour-law-33-2021,300,times-new-roman,scan,0,0.1771,0.3000,0.7000,0.0000,0.7284,0.1793,0.3077,0.1649,0.6713,
synth-t4_noto-naskh_clean,docling-rapidocr,synthetic,mohre-labour-law-33-2021,300,noto-naskh,none,0,0.0317,0.0519,0.9481,0.2000,0.7630,0.0314,0.0662,0.0169,0.5907,
synth-t4_noto-naskh_scan,docling-rapidocr,synthetic,mohre-labour-law-33-2021,300,noto-naskh,scan,0,0.0444,0.1037,0.8963,0.0000,0.7643,0.0465,0.1250,0.0272,0.6377,
synth-t4_tahoma_clean,docling-rapidocr,synthetic,mohre-labour-law-33-2021,300,tahoma,none,0,0.1242,0.1481,0.8519,0.0000,0.7465,0.1258,0.1544,0.1115,0.6437,
synth-t4_tahoma_scan,docling-rapidocr,synthetic,mohre-labour-law-33-2021,300,tahoma,scan,0,0.1293,0.1407,0.8593,0.0000,0.7402,0.1321,0.1544,0.1167,0.6959,
synth-t4_times-new-roman_clean,docling-rapidocr,synthetic,mohre-labour-law-33-2021,300,times-new-roman,none,0,0.1065,0.1704,0.8296,0.0000,0.7402,0.1094,0.1912,0.0908,0.5859,
synth-t4_times-new-roman_scan,docling-rapidocr,synthetic,mohre-labour-law-33-2021,300,times-new-roman,scan,0,0.0887,0.1630,0.8370,0.0000,0.7490,0.0918,0.1838,0.0726,0.6505,
dubai-law-7-2025_p10_150dpi,docling-tesseract,born-digital,dubai-law-7-2025,150,Times New Roman,none,0,0.0564,0.1327,0.9056,0.4444,0.7694,0.0774,0.2153,0.0489,1.4373,
dubai-law-7-2025_p10_300dpi,docling-tesseract,born-digital,dubai-law-7-2025,300,Times New Roman,none,0,0.0904,0.1622,0.8791,0.4444,0.7633,0.1108,0.2153,0.0802,1.4442,
dubai-law-7-2025_p12_150dpi,docling-tesseract,born-digital,dubai-law-7-2025,150,Times New Roman,none,0,0.0984,0.1603,0.8931,0.5000,0.7666,0.1134,0.2243,0.0847,1.2212,
dubai-law-7-2025_p12_300dpi,docling-tesseract,born-digital,dubai-law-7-2025,300,Times New Roman,none,0,0.0991,0.1603,0.8893,0.4545,0.7660,0.1141,0.2205,0.0840,1.2604,
dubai-law-7-2025_p14_150dpi,docling-tesseract,born-digital,dubai-law-7-2025,150,Times New Roman,none,0,0.1224,0.1832,0.8608,0.7647,0.7640,0.1382,0.2445,0.1125,1.2323,
dubai-law-7-2025_p14_300dpi,docling-tesseract,born-digital,dubai-law-7-2025,300,Times New Roman,none,0,0.1075,0.1795,0.8681,0.7647,0.7683,0.1241,0.2372,0.0952,1.2748,
dubai-law-7-2025_p1_150dpi,docling-tesseract,born-digital,dubai-law-7-2025,150,Times New Roman,none,1,0.0578,0.0775,0.9648,0.9231,0.8041,0.0888,0.1053,0.0474,1.3244,
dubai-law-7-2025_p1_300dpi,docling-tesseract,born-digital,dubai-law-7-2025,300,Times New Roman,none,1,0.0548,0.0775,0.9613,0.9231,0.8058,0.0860,0.1123,0.0449,1.5831,
dubai-law-7-2025_p2_150dpi,docling-tesseract,born-digital,dubai-law-7-2025,150,Times New Roman,none,0,0.2189,0.2140,0.9389,0.7000,0.7833,0.2411,0.3057,0.1928,1.2380,
dubai-law-7-2025_p2_300dpi,docling-tesseract,born-digital,dubai-law-7-2025,300,Times New Roman,none,1,0.1731,0.1965,0.9258,0.7000,0.7783,0.1968,0.2838,0.1540,1.2661,
dubai-law-7-2025_p4_150dpi,docling-tesseract,born-digital,dubai-law-7-2025,150,Times New Roman,none,0,0.1806,0.2264,0.8632,0.6667,0.7469,0.1889,0.3066,0.1668,1.0945,
dubai-law-7-2025_p4_300dpi,docling-tesseract,born-digital,dubai-law-7-2025,300,Times New Roman,none,0,0.0432,0.0849,0.9434,0.8333,0.7770,0.0586,0.1698,0.0335,1.2115,
dubai-law-7-2025_p6_150dpi,docling-tesseract,born-digital,dubai-law-7-2025,150,Times New Roman,none,0,0.0460,0.1184,0.9013,0.8696,0.7829,0.0703,0.2230,0.0367,1.4041,
dubai-law-7-2025_p6_300dpi,docling-tesseract,born-digital,dubai-law-7-2025,300,Times New Roman,none,0,0.0526,0.1546,0.8520,0.2609,0.7712,0.0746,0.2492,0.0492,1.4234,
dubai-law-7-2025_p8_150dpi,docling-tesseract,born-digital,dubai-law-7-2025,150,Times New Roman,none,0,0.0740,0.1205,0.9317,0.7778,0.7774,0.1009,0.2289,0.0665,1.2020,
dubai-law-7-2025_p8_300dpi,docling-tesseract,born-digital,dubai-law-7-2025,300,Times New Roman,none,0,0.1060,0.1928,0.8715,0.7778,0.7752,0.1312,0.2731,0.0987,1.2252,
mohre-labour-law-33-2021_p10L_150dpi,docling-tesseract,born-digital,mohre-labour-law-33-2021,150,"Muna, TheSansArabic",none,0,0.2011,0.2381,0.8690,1.0000,0.7293,0.3187,0.8750,0.2016,0.7331,
mohre-labour-law-33-2021_p10L_300dpi,docling-tesseract,born-digital,mohre-labour-law-33-2021,300,"Muna, TheSansArabic",none,1,0.0729,0.1250,0.9345,1.0000,0.7591,0.2037,0.8214,0.0702,0.8079,
mohre-labour-law-33-2021_p12R_150dpi,docling-tesseract,born-digital,mohre-labour-law-33-2021,150,"Muna, TheSansArabic",none,0,0.0822,0.1227,0.8864,0.6154,0.7462,0.2317,0.7909,0.0762,0.9803,
mohre-labour-law-33-2021_p12R_300dpi,docling-tesseract,born-digital,mohre-labour-law-33-2021,300,"Muna, TheSansArabic",none,0,0.0451,0.0773,0.9364,0.7692,0.7542,0.1989,0.7864,0.0340,1.0038,
mohre-labour-law-33-2021_p16L_150dpi,docling-tesseract,born-digital,mohre-labour-law-33-2021,150,"Muna, TheSansArabic",none,0,0.0291,0.0569,0.9573,0.8182,0.7673,0.1841,0.7678,0.0211,0.9536,
mohre-labour-law-33-2021_p16L_300dpi,docling-tesseract,born-digital,mohre-labour-law-33-2021,300,"Muna, TheSansArabic",none,0,0.2361,0.2844,0.8152,0.9091,0.7382,0.3625,0.8578,0.2298,0.9103,
mohre-labour-law-33-2021_p20R_150dpi,docling-tesseract,born-digital,mohre-labour-law-33-2021,150,"Muna, TheSansArabic",none,0,0.1106,0.1409,0.9128,1.0000,0.7596,0.2197,0.7450,0.0988,0.7243,
mohre-labour-law-33-2021_p20R_300dpi,docling-tesseract,born-digital,mohre-labour-law-33-2021,300,"Muna, TheSansArabic",none,0,0.1791,0.2349,0.7919,1.0000,0.7284,0.2803,0.7114,0.1737,0.7490,
mohre-labour-law-33-2021_p26L_150dpi,docling-tesseract,born-digital,mohre-labour-law-33-2021,150,"Muna, TheSansArabic",none,0,0.0310,0.0526,0.9549,0.9167,0.7767,0.2017,0.8383,0.0260,1.0462,
mohre-labour-law-33-2021_p26L_300dpi,docling-tesseract,born-digital,mohre-labour-law-33-2021,300,"Muna, TheSansArabic",none,0,0.0310,0.0564,0.9474,0.8333,0.7733,0.2011,0.8383,0.0267,1.0238,
mohre-labour-law-33-2021_p32R_150dpi,docling-tesseract,born-digital,mohre-labour-law-33-2021,150,"Muna, TheSansArabic",none,0,0.4490,0.5167,0.8333,0.5714,0.9311,0.4490,0.5167,0.2303,0.8498,
mohre-labour-law-33-2021_p32R_300dpi,docling-tesseract,born-digital,mohre-labour-law-33-2021,300,"Muna, TheSansArabic",none,0,0.4490,0.5167,0.8667,0.6667,0.9256,0.4490,0.5167,0.2332,0.9016,
mohre-labour-law-33-2021_p38L_150dpi,docling-tesseract,born-digital,mohre-labour-law-33-2021,150,"Muna, TheSansArabic",none,0,0.0292,0.0619,0.9536,0.7778,0.7761,0.1810,0.7835,0.0252,0.8966,
mohre-labour-law-33-2021_p38L_300dpi,docling-tesseract,born-digital,mohre-labour-law-33-2021,300,"Muna, TheSansArabic",none,0,0.0818,0.1340,0.8814,0.7778,0.7573,0.2266,0.7938,0.0854,0.9103,
mohre-labour-law-33-2021_p8R_150dpi,docling-tesseract,born-digital,mohre-labour-law-33-2021,150,"Muna, TheSansArabic",none,1,0.1086,0.1632,0.9211,0.8000,0.7800,0.2472,0.7358,0.0983,0.8754,
mohre-labour-law-33-2021_p8R_300dpi,docling-tesseract,born-digital,mohre-labour-law-33-2021,300,"Muna, TheSansArabic",none,1,0.1058,0.1579,0.9421,0.8000,0.7818,0.2425,0.7409,0.0954,0.8999,
synth-t1_noto-naskh_clean,docling-tesseract,synthetic,dubai-law-7-2025,300,noto-naskh,none,1,0.3892,0.4375,0.5687,0.3333,0.7317,0.3966,0.5062,0.3828,0.8971,
synth-t1_noto-naskh_scan,docling-tesseract,synthetic,dubai-law-7-2025,300,noto-naskh,scan,1,0.2033,0.2313,0.7688,0.6667,0.7358,0.2241,0.3438,0.1946,1.1669,
synth-t1_tahoma_clean,docling-tesseract,synthetic,dubai-law-7-2025,300,tahoma,none,0,0.0986,0.1688,0.8313,0.6667,0.7642,0.1427,0.3812,0.0900,1.0174,
synth-t1_tahoma_scan,docling-tesseract,synthetic,dubai-law-7-2025,300,tahoma,scan,1,0.1037,0.1875,0.8125,0.6667,0.7571,0.1322,0.3250,0.0941,1.2382,
synth-t1_times-new-roman_clean,docling-tesseract,synthetic,dubai-law-7-2025,300,times-new-roman,none,0,0.2053,0.2375,0.8438,0.6667,0.7510,0.2146,0.3250,0.1904,0.9825,
synth-t1_times-new-roman_scan,docling-tesseract,synthetic,dubai-law-7-2025,300,times-new-roman,scan,1,0.1199,0.1625,0.8375,0.6667,0.7500,0.1312,0.2625,0.1046,1.1645,
synth-t2_noto-naskh_clean,docling-tesseract,synthetic,dubai-law-7-2025,300,noto-naskh,none,0,0.1211,0.1636,0.8424,0.1250,0.7451,0.1467,0.2727,0.1168,1.0453,
synth-t2_noto-naskh_scan,docling-tesseract,synthetic,dubai-law-7-2025,300,noto-naskh,scan,0,0.0332,0.1273,0.8848,0.1250,0.7705,0.0670,0.2485,0.0299,1.2639,
synth-t2_tahoma_clean,docling-tesseract,synthetic,dubai-law-7-2025,300,tahoma,none,0,0.0791,0.1394,0.8606,0.2500,0.7627,0.1386,0.3758,0.0749,1.0495,
synth-t2_tahoma_scan,docling-tesseract,synthetic,dubai-law-7-2025,300,tahoma,scan,0,0.0928,0.1818,0.8424,0.1250,0.7539,0.1386,0.3576,0.0838,1.2847,
synth-t2_times-new-roman_clean,docling-tesseract,synthetic,dubai-law-7-2025,300,times-new-roman,none,0,0.1279,0.1939,0.8182,0.1250,0.7529,0.1567,0.3091,0.1238,0.9968,
synth-t2_times-new-roman_scan,docling-tesseract,synthetic,dubai-law-7-2025,300,times-new-roman,scan,0,0.1162,0.1818,0.8788,0.1250,0.7578,0.1458,0.2788,0.1098,1.2312,
synth-t3_noto-naskh_clean,docling-tesseract,synthetic,mohre-labour-law-33-2021,300,noto-naskh,none,0,0.0999,0.1077,0.8923,0.8000,0.7364,0.1062,0.1077,0.0995,0.8644,
synth-t3_noto-naskh_scan,docling-tesseract,synthetic,mohre-labour-law-33-2021,300,noto-naskh,scan,0,0.0040,0.0000,1.0000,1.0000,0.7803,0.0080,0.0000,0.0000,1.0882,
synth-t3_tahoma_clean,docling-tesseract,synthetic,mohre-labour-law-33-2021,300,tahoma,none,0,0.0706,0.0692,0.9308,1.0000,0.7537,0.0744,0.0769,0.0668,0.8531,
synth-t3_tahoma_scan,docling-tesseract,synthetic,mohre-labour-law-33-2021,300,tahoma,scan,0,0.0133,0.0538,0.9538,1.0000,0.7803,0.0146,0.0538,0.0082,1.1179,
synth-t3_times-new-roman_clean,docling-tesseract,synthetic,mohre-labour-law-33-2021,300,times-new-roman,none,0,0.0067,0.0000,1.0000,1.0000,0.7710,0.0066,0.0000,0.0000,0.8718,
synth-t3_times-new-roman_scan,docling-tesseract,synthetic,mohre-labour-law-33-2021,300,times-new-roman,scan,0,0.0107,0.0231,0.9769,1.0000,0.7816,0.0106,0.0231,0.0041,1.0686,
synth-t4_noto-naskh_clean,docling-tesseract,synthetic,mohre-labour-law-33-2021,300,noto-naskh,none,0,0.0063,0.0074,0.9926,1.0000,0.7719,0.0088,0.0147,0.0013,0.9375,
synth-t4_noto-naskh_scan,docling-tesseract,synthetic,mohre-labour-law-33-2021,300,noto-naskh,scan,0,0.0038,0.0074,0.9926,1.0000,0.7795,0.0075,0.0147,0.0013,1.1402,
synth-t4_tahoma_clean,docling-tesseract,synthetic,mohre-labour-law-33-2021,300,tahoma,none,0,0.0101,0.0296,0.9778,1.0000,0.7731,0.0151,0.0588,0.0065,0.9438,
synth-t4_tahoma_scan,docling-tesseract,synthetic,mohre-labour-law-33-2021,300,tahoma,scan,0,0.0114,0.0519,0.9630,1.0000,0.7782,0.0176,0.0662,0.0104,1.1769,
synth-t4_times-new-roman_clean,docling-tesseract,synthetic,mohre-labour-law-33-2021,300,times-new-roman,none,0,0.0089,0.0148,0.9852,1.0000,0.7731,0.0101,0.0221,0.0026,0.9077,
synth-t4_times-new-roman_scan,docling-tesseract,synthetic,mohre-labour-law-33-2021,300,times-new-roman,scan,0,0.0076,0.0148,0.9852,1.0000,0.7769,0.0101,0.0221,0.0026,1.1018,
dubai-law-7-2025_p10_150dpi,easyocr,born-digital,dubai-law-7-2025,150,Times New Roman,none,0,0.0493,0.1563,0.8584,0.9444,0.7654,0.1046,0.3658,0.0276,4.2850,
dubai-law-7-2025_p10_300dpi,easyocr,born-digital,dubai-law-7-2025,300,Times New Roman,none,0,0.0437,0.1180,0.9145,0.9444,0.7760,0.0994,0.3363,0.0172,6.8864,
dubai-law-7-2025_p12_150dpi,easyocr,born-digital,dubai-law-7-2025,150,Times New Roman,none,0,0.0592,0.1145,0.9008,0.8636,0.7660,0.1103,0.3232,0.0234,4.2354,
dubai-law-7-2025_p12_300dpi,easyocr,born-digital,dubai-law-7-2025,300,Times New Roman,none,0,0.0559,0.1031,0.9275,1.0000,0.7706,0.1033,0.2890,0.0145,5.1891,
dubai-law-7-2025_p14_150dpi,easyocr,born-digital,dubai-law-7-2025,150,Times New Roman,none,0,0.0484,0.1026,0.9158,0.8235,0.7658,0.1042,0.3577,0.0217,3.8168,
dubai-law-7-2025_p14_300dpi,easyocr,born-digital,dubai-law-7-2025,300,Times New Roman,none,0,0.0404,0.0696,0.9487,1.0000,0.7727,0.0907,0.2993,0.0109,5.5974,
dubai-law-7-2025_p1_150dpi,easyocr,born-digital,dubai-law-7-2025,150,Times New Roman,none,1,0.0476,0.1021,0.9190,0.9744,0.7838,0.0967,0.2316,0.0154,3.8802,
dubai-law-7-2025_p1_300dpi,easyocr,born-digital,dubai-law-7-2025,300,Times New Roman,none,1,0.0423,0.0775,0.9472,0.9744,0.7844,0.0899,0.2000,0.0123,5.2598,
dubai-law-7-2025_p2_150dpi,easyocr,born-digital,dubai-law-7-2025,150,Times New Roman,none,0,0.0711,0.1659,0.8472,0.8000,0.7544,0.1288,0.4410,0.0367,3.0267,
dubai-law-7-2025_p2_300dpi,easyocr,born-digital,dubai-law-7-2025,300,Times New Roman,none,1,0.0507,0.1135,0.9170,1.0000,0.7628,0.1070,0.3930,0.0154,4.1383,
dubai-law-7-2025_p4_150dpi,easyocr,born-digital,dubai-law-7-2025,150,Times New Roman,none,0,0.0640,0.1604,0.8538,0.8333,0.7585,0.1083,0.3868,0.0319,3.5081,
dubai-law-7-2025_p4_300dpi,easyocr,born-digital,dubai-law-7-2025,300,Times New Roman,none,0,0.0556,0.1226,0.9009,0.9444,0.7616,0.1003,0.3349,0.0200,5.0392,
dubai-law-7-2025_p6_150dpi,easyocr,born-digital,dubai-law-7-2025,150,Times New Roman,none,0,0.0455,0.1283,0.8947,0.8696,0.7666,0.1033,0.4262,0.0236,4.9457,
dubai-law-7-2025_p6_300dpi,easyocr,born-digital,dubai-law-7-2025,300,Times New Roman,none,0,0.0414,0.0921,0.9408,0.9565,0.7722,0.0995,0.3770,0.0120,5.5908,
dubai-law-7-2025_p8_150dpi,easyocr,born-digital,dubai-law-7-2025,150,Times New Roman,none,0,0.0605,0.1325,0.8876,0.9444,0.7646,0.1213,0.3815,0.0278,4.0439,
dubai-law-7-2025_p8_300dpi,easyocr,born-digital,dubai-law-7-2025,300,Times New Roman,none,0,0.0434,0.0924,0.9237,0.9444,0.7674,0.1061,0.3414,0.0146,4.6863,
mohre-labour-law-33-2021_p10L_150dpi,easyocr,born-digital,mohre-labour-law-33-2021,150,"Muna, TheSansArabic",none,0,0.0807,0.2083,0.7976,0.4286,0.7392,0.2196,0.8571,0.0498,1.9372,
mohre-labour-law-33-2021_p10L_300dpi,easyocr,born-digital,mohre-labour-law-33-2021,300,"Muna, TheSansArabic",none,1,0.0586,0.1845,0.8155,0.8571,0.7414,0.2028,0.8333,0.0362,2.8149,
mohre-labour-law-33-2021_p12R_150dpi,easyocr,born-digital,mohre-labour-law-33-2021,150,"Muna, TheSansArabic",none,0,0.0588,0.1545,0.8545,0.5385,0.7381,0.2170,0.8227,0.0331,2.7917,
mohre-labour-law-33-2021_p12R_300dpi,easyocr,born-digital,mohre-labour-law-33-2021,300,"Muna, TheSansArabic",none,0,0.0516,0.1182,0.8864,1.0000,0.7429,0.2090,0.7818,0.0182,3.8268,
mohre-labour-law-33-2021_p16L_150dpi,easyocr,born-digital,mohre-labour-law-33-2021,150,"Muna, TheSansArabic",none,0,0.0573,0.1659,0.8436,0.6364,0.7579,0.2077,0.8199,0.0326,2.6891,
mohre-labour-law-33-2021_p16L_300dpi,easyocr,born-digital,mohre-labour-law-33-2021,300,"Muna, TheSansArabic",none,0,0.0453,0.1137,0.8863,1.0000,0.7588,0.2006,0.7915,0.0176,4.0464,
mohre-labour-law-33-2021_p20R_150dpi,easyocr,born-digital,mohre-labour-law-33-2021,150,"Muna, TheSansArabic",none,0,0.0697,0.1812,0.8322,0.7143,0.7440,0.1893,0.7517,0.0362,1.8775,
mohre-labour-law-33-2021_p20R_300dpi,easyocr,born-digital,mohre-labour-law-33-2021,300,"Muna, TheSansArabic",none,0,0.0589,0.1745,0.8389,1.0000,0.7512,0.1799,0.7315,0.0250,3.1799,
mohre-labour-law-33-2021_p26L_150dpi,easyocr,born-digital,mohre-labour-law-33-2021,150,"Muna, TheSansArabic",none,0,0.0407,0.1767,0.8271,0.8333,0.7553,0.2102,0.8947,0.0253,2.7857,
mohre-labour-law-33-2021_p26L_300dpi,easyocr,born-digital,mohre-labour-law-33-2021,300,"Muna, TheSansArabic",none,0,0.0441,0.1992,0.8083,1.0000,0.7567,0.2114,0.8872,0.0260,4.2528,
mohre-labour-law-33-2021_p32R_150dpi,easyocr,born-digital,mohre-labour-law-33-2021,150,"Muna, TheSansArabic",none,0,0.0606,0.0167,0.9833,0.9524,0.7493,0.0634,0.0333,0.0087,1.1104,
mohre-labour-law-33-2021_p32R_300dpi,easyocr,born-digital,mohre-labour-law-33-2021,300,"Muna, TheSansArabic",none,0,0.0551,0.0000,1.0000,1.0000,0.7548,0.0551,0.0000,0.0000,2.2200,
mohre-labour-law-33-2021_p38L_150dpi,easyocr,born-digital,mohre-labour-law-33-2021,150,"Muna, TheSansArabic",none,0,0.0602,0.1443,0.8711,0.6667,0.7601,0.2116,0.8041,0.0378,3.0409,
mohre-labour-law-33-2021_p38L_300dpi,easyocr,born-digital,mohre-labour-law-33-2021,300,"Muna, TheSansArabic",none,0,0.0527,0.1186,0.8866,1.0000,0.7695,0.2061,0.7629,0.0262,3.5340,
mohre-labour-law-33-2021_p8R_150dpi,easyocr,born-digital,mohre-labour-law-33-2021,150,"Muna, TheSansArabic",none,1,0.0609,0.1895,0.8158,0.4000,0.7537,0.2046,0.7150,0.0376,2.1708,
mohre-labour-law-33-2021_p8R_300dpi,easyocr,born-digital,mohre-labour-law-33-2021,300,"Muna, TheSansArabic",none,1,0.0543,0.1579,0.8421,1.0000,0.7594,0.1998,0.6891,0.0270,3.8763,
synth-t1_noto-naskh_clean,easyocr,synthetic,dubai-law-7-2025,300,noto-naskh,none,1,0.0295,0.0938,0.9125,1.0000,0.7744,0.0833,0.3750,0.0094,3.1888,
synth-t1_noto-naskh_scan,easyocr,synthetic,dubai-law-7-2025,300,noto-naskh,scan,1,0.0366,0.1187,0.9000,1.0000,0.7764,0.0900,0.4000,0.0167,3.6303,
synth-t1_tahoma_clean,easyocr,synthetic,dubai-law-7-2025,300,tahoma,none,0,0.0295,0.0875,0.9125,1.0000,0.7652,0.0852,0.3688,0.0105,2.9599,
synth-t1_tahoma_scan,easyocr,synthetic,dubai-law-7-2025,300,tahoma,scan,1,0.0274,0.1000,0.9000,1.0000,0.7652,0.0795,0.3625,0.0146,2.9657,
synth-t1_times-new-roman_clean,easyocr,synthetic,dubai-law-7-2025,300,times-new-roman,none,0,0.0417,0.1812,0.8812,1.0000,0.7713,0.0958,0.4562,0.0167,3.1450,
synth-t1_times-new-roman_scan,easyocr,synthetic,dubai-law-7-2025,300,times-new-roman,scan,1,0.0315,0.1187,0.9000,1.0000,0.7724,0.0872,0.4062,0.0136,2.8608,
synth-t2_noto-naskh_clean,easyocr,synthetic,dubai-law-7-2025,300,noto-naskh,none,0,0.0195,0.0545,0.9455,1.0000,0.7705,0.0888,0.3455,0.0060,3.2077,
synth-t2_noto-naskh_scan,easyocr,synthetic,dubai-law-7-2025,300,noto-naskh,scan,0,0.0244,0.0424,0.9576,1.0000,0.7695,0.0942,0.3455,0.0050,3.2684,
synth-t2_tahoma_clean,easyocr,synthetic,dubai-law-7-2025,300,tahoma,none,0,0.0195,0.0667,0.9333,1.0000,0.7725,0.0906,0.3515,0.0080,3.6388,
synth-t2_tahoma_scan,easyocr,synthetic,dubai-law-7-2025,300,tahoma,scan,0,0.0215,0.0788,0.9333,1.0000,0.7734,0.0915,0.3576,0.0120,3.2238,
synth-t2_times-new-roman_clean,easyocr,synthetic,dubai-law-7-2025,300,times-new-roman,none,0,0.0156,0.0485,0.9576,1.0000,0.7666,0.0861,0.3455,0.0050,3.5240,
synth-t2_times-new-roman_scan,easyocr,synthetic,dubai-law-7-2025,300,times-new-roman,scan,0,0.0195,0.0727,0.9394,1.0000,0.7676,0.0897,0.3636,0.0080,3.0558,
synth-t3_noto-naskh_clean,easyocr,synthetic,mohre-labour-law-33-2021,300,noto-naskh,none,0,0.0333,0.1385,0.8692,1.0000,0.7603,0.0345,0.1462,0.0177,2.8072,
synth-t3_noto-naskh_scan,easyocr,synthetic,mohre-labour-law-33-2021,300,noto-naskh,scan,0,0.0360,0.1462,0.8615,1.0000,0.7617,0.0372,0.1538,0.0191,3.0576,
synth-t3_tahoma_clean,easyocr,synthetic,mohre-labour-law-33-2021,300,tahoma,none,0,0.0266,0.0615,0.9385,1.0000,0.7537,0.0305,0.0769,0.0068,3.6034,
synth-t3_tahoma_scan,easyocr,synthetic,mohre-labour-law-33-2021,300,tahoma,scan,0,0.0240,0.0615,0.9385,1.0000,0.7537,0.0266,0.0692,0.0068,3.1372,
synth-t3_times-new-roman_clean,easyocr,synthetic,mohre-labour-law-33-2021,300,times-new-roman,none,0,0.0373,0.1231,0.9154,1.0000,0.7683,0.0372,0.1231,0.0136,2.7849,
synth-t3_times-new-roman_scan,easyocr,synthetic,mohre-labour-law-33-2021,300,times-new-roman,scan,0,0.0306,0.1385,0.9077,1.0000,0.7710,0.0305,0.1385,0.0163,2.9222,
synth-t4_noto-naskh_clean,easyocr,synthetic,mohre-labour-law-33-2021,300,noto-naskh,none,0,0.0317,0.1333,0.8815,1.0000,0.7643,0.0352,0.1691,0.0143,2.9454,
synth-t4_noto-naskh_scan,easyocr,synthetic,mohre-labour-law-33-2021,300,noto-naskh,scan,0,0.0342,0.1185,0.9037,1.0000,0.7706,0.0352,0.1397,0.0169,3.2907,
synth-t4_tahoma_clean,easyocr,synthetic,mohre-labour-law-33-2021,300,tahoma,none,0,0.0266,0.0889,0.9111,1.0000,0.7668,0.0377,0.1250,0.0104,2.9500,
synth-t4_tahoma_scan,easyocr,synthetic,mohre-labour-law-33-2021,300,tahoma,scan,0,0.0241,0.0667,0.9333,1.0000,0.7681,0.0327,0.0956,0.0091,3.9938,
synth-t4_times-new-roman_clean,easyocr,synthetic,mohre-labour-law-33-2021,300,times-new-roman,none,0,0.0292,0.0741,0.9481,1.0000,0.7643,0.0327,0.1029,0.0117,3.1902,
synth-t4_times-new-roman_scan,easyocr,synthetic,mohre-labour-law-33-2021,300,times-new-roman,scan,0,0.0266,0.0889,0.9259,1.0000,0.7592,0.0302,0.1103,0.0104,2.9622,
dubai-law-7-2025_p1_150dpi,gemini-3.5-flash,born-digital,dubai-law-7-2025,150,Times New Roman,none,1,0.0369,0.0493,1.0000,1.0000,0.7945,0.0854,0.1754,0.0375,12.2267,
dubai-law-7-2025_p1_300dpi,gemini-3.5-flash,born-digital,dubai-law-7-2025,300,Times New Roman,none,1,0.0018,0.0035,0.9965,1.0000,0.7933,0.0515,0.1263,0.0018,8.1754,
dubai-law-7-2025_p2_300dpi,gemini-3.5-flash,born-digital,dubai-law-7-2025,300,Times New Roman,none,1,0.0000,0.0000,1.0000,1.0000,0.7748,0.0317,0.1528,0.0000,7.8620,
mohre-labour-law-33-2021_p10L_300dpi,gemini-3.5-flash,born-digital,mohre-labour-law-33-2021,300,"Muna, TheSansArabic",none,1,0.0000,0.0000,1.0000,1.0000,0.7547,0.1505,0.7560,0.0000,7.8137,
mohre-labour-law-33-2021_p8R_150dpi,gemini-3.5-flash,born-digital,mohre-labour-law-33-2021,150,"Muna, TheSansArabic",none,1,0.0037,0.0000,1.0000,1.0000,0.7706,0.1596,0.6010,0.0000,5.8818,
mohre-labour-law-33-2021_p8R_300dpi,gemini-3.5-flash,born-digital,mohre-labour-law-33-2021,300,"Muna, TheSansArabic",none,1,0.0000,0.0000,1.0000,1.0000,0.7697,0.1572,0.6010,0.0000,7.1235,
synth-t1_noto-naskh_clean,gemini-3.5-flash,synthetic,dubai-law-7-2025,300,noto-naskh,none,1,0.0000,0.0000,1.0000,1.0000,0.7785,0.0441,0.2500,0.0000,4.7816,
synth-t1_noto-naskh_scan,gemini-3.5-flash,synthetic,dubai-law-7-2025,300,noto-naskh,scan,1,0.0000,0.0000,1.0000,1.0000,0.7785,0.0421,0.2437,0.0000,7.7914,
synth-t1_tahoma_scan,gemini-3.5-flash,synthetic,dubai-law-7-2025,300,tahoma,scan,1,0.0000,0.0000,1.0000,1.0000,0.7652,0.0412,0.2375,0.0000,9.4784,
synth-t1_times-new-roman_scan,gemini-3.5-flash,synthetic,dubai-law-7-2025,300,times-new-roman,scan,1,0.0000,0.0000,1.0000,1.0000,0.7805,0.0431,0.2500,0.0000,8.8734,
dubai-law-7-2025_p10_150dpi,paddleocr,born-digital,dubai-law-7-2025,150,Times New Roman,none,0,0.0579,0.1268,0.8732,0.0000,0.7562,0.0817,0.2360,0.0411,13.8448,
dubai-law-7-2025_p10_300dpi,paddleocr,born-digital,dubai-law-7-2025,300,Times New Roman,none,0,0.0498,0.1062,0.8938,0.0556,0.7567,0.0717,0.2006,0.0344,38.1506,
dubai-law-7-2025_p12_150dpi,paddleocr,born-digital,dubai-law-7-2025,150,Times New Roman,none,0,0.0711,0.1298,0.8702,0.0455,0.7493,0.0907,0.2281,0.0489,12.2377,
dubai-law-7-2025_p12_300dpi,paddleocr,born-digital,dubai-law-7-2025,300,Times New Roman,none,0,0.0672,0.1298,0.8702,0.1818,0.7480,0.0825,0.2053,0.0434,36.3923,
dubai-law-7-2025_p14_150dpi,paddleocr,born-digital,dubai-law-7-2025,150,Times New Roman,none,0,0.0609,0.1172,0.8828,0.0000,0.7553,0.0808,0.2153,0.0428,12.5453,
dubai-law-7-2025_p14_300dpi,paddleocr,born-digital,dubai-law-7-2025,300,Times New Roman,none,0,0.0652,0.1429,0.8645,0.1176,0.7553,0.0867,0.2372,0.0473,37.9012,
dubai-law-7-2025_p1_150dpi,paddleocr,born-digital,dubai-law-7-2025,150,Times New Roman,none,1,0.1209,0.2254,0.7782,0.0000,0.7594,0.1493,0.2702,0.1052,18.0278,
dubai-law-7-2025_p1_300dpi,paddleocr,born-digital,dubai-law-7-2025,300,Times New Roman,none,1,0.1370,0.2782,0.7218,0.0256,0.7540,0.1629,0.3053,0.1224,60.8538,
dubai-law-7-2025_p2_150dpi,paddleocr,born-digital,dubai-law-7-2025,150,Times New Roman,none,0,0.0598,0.1135,0.8865,0.1000,0.7565,0.0760,0.1965,0.0345,17.2508,
dubai-law-7-2025_p2_300dpi,paddleocr,born-digital,dubai-law-7-2025,300,Times New Roman,none,1,0.0542,0.1266,0.8777,0.1000,0.7572,0.0720,0.2140,0.0330,52.0188,
dubai-law-7-2025_p4_150dpi,paddleocr,born-digital,dubai-law-7-2025,150,Times New Roman,none,0,0.0656,0.1226,0.8774,0.0556,0.7469,0.0776,0.1981,0.0431,37.0679,
dubai-law-7-2025_p4_300dpi,paddleocr,born-digital,dubai-law-7-2025,300,Times New Roman,none,0,0.0748,0.1604,0.8443,0.0556,0.7454,0.0981,0.2830,0.0527,49.4733,
dubai-law-7-2025_p6_150dpi,paddleocr,born-digital,dubai-law-7-2025,150,Times New Roman,none,0,0.0567,0.1250,0.8750,0.0870,0.7559,0.0794,0.2590,0.0398,13.7402,
dubai-law-7-2025_p6_300dpi,paddleocr,born-digital,dubai-law-7-2025,300,Times New Roman,none,0,0.0858,0.2336,0.7664,0.0435,0.7487,0.1120,0.3443,0.0697,38.2753,
dubai-law-7-2025_p8_150dpi,paddleocr,born-digital,dubai-law-7-2025,150,Times New Roman,none,0,0.0633,0.1245,0.8755,0.0556,0.7489,0.0936,0.2610,0.0461,12.2619,
dubai-law-7-2025_p8_300dpi,paddleocr,born-digital,dubai-law-7-2025,300,Times New Roman,none,0,0.1003,0.1767,0.8233,0.0556,0.7418,0.1239,0.2932,0.0819,35.7237,
mohre-labour-law-33-2021_p10L_150dpi,paddleocr,born-digital,mohre-labour-law-33-2021,150,"Muna, TheSansArabic",none,0,0.0276,0.0536,0.9524,0.4286,0.7414,0.1757,0.7976,0.0125,9.6746,
mohre-labour-law-33-2021_p10L_300dpi,paddleocr,born-digital,mohre-labour-law-33-2021,300,"Muna, TheSansArabic",none,1,0.0287,0.0536,0.9464,0.5714,0.7425,0.1776,0.7917,0.0136,25.0495,
mohre-labour-law-33-2021_p12R_150dpi,paddleocr,born-digital,mohre-labour-law-33-2021,150,"Muna, TheSansArabic",none,0,0.0459,0.0955,0.9045,0.0769,0.7349,0.2063,0.7864,0.0257,7.7451,
mohre-labour-law-33-2021_p12R_300dpi,paddleocr,born-digital,mohre-labour-law-33-2021,300,"Muna, TheSansArabic",none,0,0.0427,0.0864,0.9136,0.2308,0.7389,0.2016,0.7818,0.0240,18.1412,
mohre-labour-law-33-2021_p16L_150dpi,paddleocr,born-digital,mohre-labour-law-33-2021,150,"Muna, TheSansArabic",none,0,0.0479,0.0806,0.9194,0.0909,0.7476,0.2042,0.7915,0.0282,7.9462,
mohre-labour-law-33-2021_p16L_300dpi,paddleocr,born-digital,mohre-labour-law-33-2021,300,"Muna, TheSansArabic",none,0,0.0488,0.0806,0.9289,0.1818,0.7494,0.2034,0.7867,0.0299,18.4413,
mohre-labour-law-33-2021_p20R_150dpi,paddleocr,born-digital,mohre-labour-law-33-2021,150,"Muna, TheSansArabic",none,0,0.0601,0.1611,0.8389,0.1429,0.7500,0.1831,0.7383,0.0300,6.2999,
mohre-labour-law-33-2021_p20R_300dpi,paddleocr,born-digital,mohre-labour-law-33-2021,300,"Muna, TheSansArabic",none,0,0.0553,0.1208,0.8792,0.2857,0.7500,0.1789,0.7248,0.0238,17.7508,
mohre-labour-law-33-2021_p26L_150dpi,paddleocr,born-digital,mohre-labour-law-33-2021,150,"Muna, TheSansArabic",none,0,0.0379,0.0827,0.9173,0.0833,0.7540,0.2091,0.8609,0.0260,9.2587,
mohre-labour-law-33-2021_p26L_300dpi,paddleocr,born-digital,mohre-labour-law-33-2021,300,"Muna, TheSansArabic",none,0,0.0372,0.0714,0.9323,0.1667,0.7533,0.2062,0.8571,0.0253,20.3985,
mohre-labour-law-33-2021_p32R_150dpi,paddleocr,born-digital,mohre-labour-law-33-2021,150,"Muna, TheSansArabic",none,0,0.1543,0.3667,0.6333,0.5238,0.7410,0.1543,0.3667,0.1050,5.1463,
mohre-labour-law-33-2021_p32R_300dpi,paddleocr,born-digital,mohre-labour-law-33-2021,300,"Muna, TheSansArabic",none,0,0.1074,0.2000,0.8167,0.6190,0.7493,0.1074,0.2000,0.0612,16.3717,
mohre-labour-law-33-2021_p38L_150dpi,paddleocr,born-digital,mohre-labour-law-33-2021,150,"Muna, TheSansArabic",none,0,0.0442,0.0773,0.9227,0.2222,0.7554,0.2014,0.7938,0.0184,7.4334,
mohre-labour-law-33-2021_p38L_300dpi,paddleocr,born-digital,mohre-labour-law-33-2021,300,"Muna, TheSansArabic",none,0,0.0442,0.0619,0.9381,0.2222,0.7545,0.1975,0.7835,0.0184,17.9179,
mohre-labour-law-33-2021_p8R_150dpi,paddleocr,born-digital,mohre-labour-law-33-2021,150,"Muna, TheSansArabic",none,1,0.0328,0.0895,0.9105,0.2000,0.7537,0.1872,0.6632,0.0145,10.7021,
mohre-labour-law-33-2021_p8R_300dpi,paddleocr,born-digital,mohre-labour-law-33-2021,300,"Muna, TheSansArabic",none,1,0.0328,0.0737,0.9263,0.2000,0.7547,0.1864,0.6580,0.0145,25.5729,
synth-t1_noto-naskh_clean,paddleocr,synthetic,dubai-law-7-2025,300,noto-naskh,none,1,0.0305,0.1062,0.8938,0.0000,0.7713,0.0364,0.1437,0.0167,49.7285,
synth-t1_noto-naskh_scan,paddleocr,synthetic,dubai-law-7-2025,300,noto-naskh,scan,1,0.3201,0.4938,0.5250,0.0000,0.7205,0.3391,0.5312,0.3075,48.0428,
synth-t1_tahoma_clean,paddleocr,synthetic,dubai-law-7-2025,300,tahoma,none,0,0.1575,0.4562,0.9250,0.6667,0.8394,0.1705,0.5750,0.1496,57.3872,
synth-t1_tahoma_scan,paddleocr,synthetic,dubai-law-7-2025,300,tahoma,scan,1,0.0681,0.1875,0.9125,0.0000,0.7774,0.0766,0.2562,0.0513,52.1068,
synth-t1_times-new-roman_clean,paddleocr,synthetic,dubai-law-7-2025,300,times-new-roman,none,0,0.0346,0.1187,0.8812,0.0000,0.7724,0.0460,0.1875,0.0209,48.1243,
synth-t1_times-new-roman_scan,paddleocr,synthetic,dubai-law-7-2025,300,times-new-roman,scan,1,0.0559,0.1750,0.8562,0.0000,0.7724,0.0785,0.3063,0.0429,49.5738,
synth-t2_noto-naskh_clean,paddleocr,synthetic,dubai-law-7-2025,300,noto-naskh,none,0,0.0723,0.2000,0.8424,0.0000,0.7568,0.0915,0.2727,0.0589,49.4545,
synth-t2_noto-naskh_scan,paddleocr,synthetic,dubai-law-7-2025,300,noto-naskh,scan,0,0.0977,0.1879,0.8121,0.0000,0.7354,0.1259,0.2970,0.0848,49.3804,
synth-t2_tahoma_clean,paddleocr,synthetic,dubai-law-7-2025,300,tahoma,none,0,0.2422,0.6000,0.8303,0.3750,0.8145,0.2672,0.7273,0.2345,132.1394,
synth-t2_tahoma_scan,paddleocr,synthetic,dubai-law-7-2025,300,tahoma,scan,0,0.0840,0.2848,0.7879,0.2500,0.7666,0.0978,0.3455,0.0709,40.6305,
synth-t2_times-new-roman_clean,paddleocr,synthetic,dubai-law-7-2025,300,times-new-roman,none,0,0.0518,0.1273,0.8788,0.0000,0.7461,0.0788,0.2424,0.0369,55.9990,
synth-t2_times-new-roman_scan,paddleocr,synthetic,dubai-law-7-2025,300,times-new-roman,scan,0,0.1445,0.2303,0.7818,0.0000,0.7256,0.1830,0.3939,0.1307,44.2341,
synth-t3_noto-naskh_clean,paddleocr,synthetic,mohre-labour-law-33-2021,300,noto-naskh,none,0,0.0306,0.0462,0.9615,0.0000,0.7563,0.0305,0.0462,0.0163,35.7896,
synth-t3_noto-naskh_scan,paddleocr,synthetic,mohre-labour-law-33-2021,300,noto-naskh,scan,0,0.1292,0.1615,0.8462,0.0000,0.7350,0.1288,0.1615,0.1158,35.7645,
synth-t3_tahoma_clean,paddleocr,synthetic,mohre-labour-law-33-2021,300,tahoma,none,0,0.0466,0.0923,0.9769,0.4000,0.7590,0.0465,0.0923,0.0354,40.0380,
synth-t3_tahoma_scan,paddleocr,synthetic,mohre-labour-law-33-2021,300,tahoma,scan,0,0.1771,0.2308,0.8308,0.0000,0.7337,0.1780,0.2308,0.1649,38.0421,
synth-t3_times-new-roman_clean,paddleocr,synthetic,mohre-labour-law-33-2021,300,times-new-roman,none,0,0.0346,0.0846,0.9154,0.0000,0.7603,0.0345,0.0846,0.0232,34.5665,
synth-t3_times-new-roman_scan,paddleocr,synthetic,mohre-labour-law-33-2021,300,times-new-roman,scan,0,0.0493,0.1077,0.8923,0.0000,0.7550,0.0518,0.1231,0.0341,35.8607,
synth-t4_noto-naskh_clean,paddleocr,synthetic,mohre-labour-law-33-2021,300,noto-naskh,none,0,0.0368,0.0815,0.9259,0.0000,0.7579,0.0377,0.1029,0.0208,38.6794,
synth-t4_noto-naskh_scan,paddleocr,synthetic,mohre-labour-law-33-2021,300,noto-naskh,scan,0,0.0837,0.1333,0.8667,0.0000,0.7364,0.0868,0.1544,0.0674,41.6175,
synth-t4_tahoma_clean,paddleocr,synthetic,mohre-labour-law-33-2021,300,tahoma,none,0,0.0608,0.1481,0.9704,0.6000,0.7883,0.0616,0.1618,0.0506,40.2908,
synth-t4_tahoma_scan,paddleocr,synthetic,mohre-labour-law-33-2021,300,tahoma,scan,0,0.0469,0.0963,0.9259,0.0000,0.7605,0.0491,0.1176,0.0311,37.5470,
synth-t4_times-new-roman_clean,paddleocr,synthetic,mohre-labour-law-33-2021,300,times-new-roman,none,0,0.0418,0.0741,0.9259,0.0000,0.7452,0.0440,0.1029,0.0246,34.6864,
synth-t4_times-new-roman_scan,paddleocr,synthetic,mohre-labour-law-33-2021,300,times-new-roman,scan,0,0.0507,0.1111,0.8963,0.0000,0.7503,0.0553,0.1397,0.0337,34.5499,
dubai-law-7-2025_p10_150dpi,surya,born-digital,dubai-law-7-2025,150,Times New Roman,none,0,0.0320,0.0442,0.9971,1.0000,0.7765,0.0473,0.1062,0.0323,16.9844,
dubai-law-7-2025_p10_300dpi,surya,born-digital,dubai-law-7-2025,300,Times New Roman,none,0,0.0005,0.0029,0.9971,1.0000,0.7760,0.0162,0.0560,0.0005,19.9257,
dubai-law-7-2025_p12_150dpi,surya,born-digital,dubai-law-7-2025,150,Times New Roman,none,0,0.0465,0.0802,0.9733,1.0000,0.7793,0.0674,0.1901,0.0475,13.3171,
dubai-law-7-2025_p12_300dpi,surya,born-digital,dubai-law-7-2025,300,Times New Roman,none,0,0.0000,0.0000,1.0000,1.0000,0.7806,0.0164,0.0684,0.0000,16.0124,
dubai-law-7-2025_p14_150dpi,surya,born-digital,dubai-law-7-2025,150,Times New Roman,none,0,0.0385,0.0513,0.9963,0.9412,0.7839,0.0761,0.2591,0.0390,12.9196,
dubai-law-7-2025_p14_300dpi,surya,born-digital,dubai-law-7-2025,300,Times New Roman,none,0,0.0391,0.0513,1.0000,1.0000,0.7851,0.0533,0.1204,0.0396,16.8546,
dubai-law-7-2025_p1_150dpi,surya,born-digital,dubai-law-7-2025,150,Times New Roman,none,1,0.0375,0.0528,0.9965,1.0000,0.7981,0.0775,0.1474,0.0381,13.3044,
dubai-law-7-2025_p1_300dpi,surya,born-digital,dubai-law-7-2025,300,Times New Roman,none,1,0.0476,0.0634,1.0000,1.0000,0.7915,0.0831,0.1614,0.0486,17.5749,
dubai-law-7-2025_p2_150dpi,surya,born-digital,dubai-law-7-2025,150,Times New Roman,none,0,0.0542,0.0786,1.0000,1.0000,0.7811,0.0733,0.1790,0.0499,12.3070,
dubai-law-7-2025_p2_300dpi,surya,born-digital,dubai-law-7-2025,300,Times New Roman,none,1,0.0000,0.0000,1.0000,1.0000,0.7797,0.0231,0.1048,0.0000,14.7056,
dubai-law-7-2025_p4_150dpi,surya,born-digital,dubai-law-7-2025,150,Times New Roman,none,0,0.0502,0.0755,0.9906,1.0000,0.7762,0.0703,0.2028,0.0511,11.8249,
dubai-law-7-2025_p4_300dpi,surya,born-digital,dubai-law-7-2025,300,Times New Roman,none,0,0.0015,0.0047,0.9953,1.0000,0.7755,0.0242,0.1321,0.0016,14.9166,
dubai-law-7-2025_p6_150dpi,surya,born-digital,dubai-law-7-2025,150,Times New Roman,none,0,0.0005,0.0066,0.9967,1.0000,0.7794,0.0273,0.1705,0.0005,15.8776,
dubai-law-7-2025_p6_300dpi,surya,born-digital,dubai-law-7-2025,300,Times New Roman,none,0,0.0000,0.0000,1.0000,1.0000,0.7789,0.0282,0.1770,0.0000,19.2286,
dubai-law-7-2025_p8_150dpi,surya,born-digital,dubai-law-7-2025,150,Times New Roman,none,0,0.0654,0.0803,1.0000,1.0000,0.7795,0.0844,0.1847,0.0577,13.1129,
dubai-law-7-2025_p8_300dpi,surya,born-digital,dubai-law-7-2025,300,Times New Roman,none,0,0.0441,0.0562,1.0000,1.0000,0.7788,0.0653,0.1647,0.0446,16.4942,
mohre-labour-law-33-2021_p10L_150dpi,surya,born-digital,mohre-labour-law-33-2021,150,"Muna, TheSansArabic",none,0,0.0000,0.0000,1.0000,1.0000,0.7613,0.1505,0.7560,0.0000,7.3210,
mohre-labour-law-33-2021_p10L_300dpi,surya,born-digital,mohre-labour-law-33-2021,300,"Muna, TheSansArabic",none,1,0.0000,0.0000,1.0000,1.0000,0.7613,0.1505,0.7560,0.0000,10.8713,
mohre-labour-law-33-2021_p12R_150dpi,surya,born-digital,mohre-labour-law-33-2021,150,"Muna, TheSansArabic",none,0,0.0016,0.0091,0.9909,1.0000,0.7639,0.1681,0.7273,0.0017,9.8732,
mohre-labour-law-33-2021_p12R_300dpi,surya,born-digital,mohre-labour-law-33-2021,300,"Muna, TheSansArabic",none,0,0.0008,0.0045,0.9955,1.0000,0.7631,0.1674,0.7273,0.0008,13.8738,
mohre-labour-law-33-2021_p16L_150dpi,surya,born-digital,mohre-labour-law-33-2021,150,"Muna, TheSansArabic",none,0,0.0009,0.0047,0.9953,1.0000,0.7673,0.1619,0.7204,0.0009,9.3647,
mohre-labour-law-33-2021_p16L_300dpi,surya,born-digital,mohre-labour-law-33-2021,300,"Muna, TheSansArabic",none,0,0.0017,0.0095,0.9905,1.0000,0.7673,0.1626,0.7251,0.0018,13.1930,
mohre-labour-law-33-2021_p20R_150dpi,surya,born-digital,mohre-labour-law-33-2021,150,"Muna, TheSansArabic",none,0,0.0036,0.0067,0.9933,1.0000,0.7716,0.1318,0.6443,0.0025,7.0183,
mohre-labour-law-33-2021_p20R_300dpi,surya,born-digital,mohre-labour-law-33-2021,300,"Muna, TheSansArabic",none,0,0.0000,0.0000,1.0000,1.0000,0.7728,0.1287,0.6376,0.0000,10.7733,
mohre-labour-law-33-2021_p26L_150dpi,surya,born-digital,mohre-labour-law-33-2021,150,"Muna, TheSansArabic",none,0,0.0000,0.0000,1.0000,1.0000,0.7843,0.1756,0.8083,0.0000,10.6391,
mohre-labour-law-33-2021_p26L_300dpi,surya,born-digital,mohre-labour-law-33-2021,300,"Muna, TheSansArabic",none,0,0.0007,0.0038,0.9962,1.0000,0.7843,0.1761,0.8083,0.0007,14.5098,
mohre-labour-law-33-2021_p32R_150dpi,surya,born-digital,mohre-labour-law-33-2021,150,"Muna, TheSansArabic",none,0,0.0303,0.1167,1.0000,1.0000,0.7851,0.0303,0.1167,0.0321,3.2655,
mohre-labour-law-33-2021_p32R_300dpi,surya,born-digital,mohre-labour-law-33-2021,300,"Muna, TheSansArabic",none,0,0.0303,0.1167,1.0000,1.0000,0.7851,0.0303,0.1167,0.0321,6.7329,
mohre-labour-law-33-2021_p38L_150dpi,surya,born-digital,mohre-labour-law-33-2021,150,"Muna, TheSansArabic",none,0,0.0000,0.0000,1.0000,1.0000,0.7780,0.1605,0.7216,0.0000,7.9189,
mohre-labour-law-33-2021_p38L_300dpi,surya,born-digital,mohre-labour-law-33-2021,300,"Muna, TheSansArabic",none,0,0.0000,0.0000,1.0000,1.0000,0.7780,0.1605,0.7216,0.0000,12.2678,
mohre-labour-law-33-2021_p8R_150dpi,surya,born-digital,mohre-labour-law-33-2021,150,"Muna, TheSansArabic",none,1,0.0000,0.0000,1.0000,1.0000,0.7809,0.1572,0.6010,0.0000,8.1317,
mohre-labour-law-33-2021_p8R_300dpi,surya,born-digital,mohre-labour-law-33-2021,300,"Muna, TheSansArabic",none,1,0.0000,0.0000,1.0000,1.0000,0.7809,0.1572,0.6010,0.0000,11.2971,
synth-t1_noto-naskh_clean,surya,synthetic,dubai-law-7-2025,300,noto-naskh,none,1,0.0000,0.0000,1.0000,1.0000,0.7856,0.0153,0.1000,0.0000,10.8780,
synth-t1_noto-naskh_scan,surya,synthetic,dubai-law-7-2025,300,noto-naskh,scan,1,0.0000,0.0000,1.0000,1.0000,0.7856,0.0153,0.0875,0.0000,12.0617,
synth-t1_tahoma_clean,surya,synthetic,dubai-law-7-2025,300,tahoma,none,0,0.0000,0.0000,1.0000,1.0000,0.7856,0.0287,0.1562,0.0000,10.7368,
synth-t1_tahoma_scan,surya,synthetic,dubai-law-7-2025,300,tahoma,scan,1,0.0000,0.0000,1.0000,1.0000,0.7846,0.0297,0.1625,0.0000,12.1179,
synth-t1_times-new-roman_clean,surya,synthetic,dubai-law-7-2025,300,times-new-roman,none,0,0.0000,0.0000,1.0000,1.0000,0.7856,0.0297,0.1688,0.0000,11.6581,
synth-t1_times-new-roman_scan,surya,synthetic,dubai-law-7-2025,300,times-new-roman,scan,1,0.0000,0.0000,1.0000,1.0000,0.7856,0.0297,0.1688,0.0000,12.3473,
synth-t2_noto-naskh_clean,surya,synthetic,dubai-law-7-2025,300,noto-naskh,none,0,0.0020,0.0121,0.9879,1.0000,0.7754,0.0607,0.2727,0.0020,12.1695,
synth-t2_noto-naskh_scan,surya,synthetic,dubai-law-7-2025,300,noto-naskh,scan,0,0.0010,0.0061,0.9939,1.0000,0.7754,0.0344,0.1636,0.0010,13.3557,
synth-t2_tahoma_clean,surya,synthetic,dubai-law-7-2025,300,tahoma,none,0,0.0039,0.0242,0.9758,1.0000,0.7754,0.0643,0.2909,0.0040,12.0625,
synth-t2_tahoma_scan,surya,synthetic,dubai-law-7-2025,300,tahoma,scan,0,0.0039,0.0242,0.9758,1.0000,0.7744,0.0335,0.1697,0.0040,13.2205,
synth-t2_times-new-roman_clean,surya,synthetic,dubai-law-7-2025,300,times-new-roman,none,0,0.0000,0.0000,1.0000,1.0000,0.7754,0.0399,0.1758,0.0000,12.3954,
synth-t2_times-new-roman_scan,surya,synthetic,dubai-law-7-2025,300,times-new-roman,scan,0,0.0010,0.0061,0.9939,1.0000,0.7754,0.0408,0.1818,0.0010,13.0501,
synth-t3_noto-naskh_clean,surya,synthetic,mohre-labour-law-33-2021,300,noto-naskh,none,0,0.0000,0.0000,1.0000,1.0000,0.7803,0.0000,0.0000,0.0000,10.1233,
synth-t3_noto-naskh_scan,surya,synthetic,mohre-labour-law-33-2021,300,noto-naskh,scan,0,0.0000,0.0000,1.0000,1.0000,0.7803,0.0000,0.0000,0.0000,10.9887,
synth-t3_tahoma_clean,surya,synthetic,mohre-labour-law-33-2021,300,tahoma,none,0,0.0000,0.0000,1.0000,1.0000,0.7803,0.0000,0.0000,0.0000,9.9355,
synth-t3_tahoma_scan,surya,synthetic,mohre-labour-law-33-2021,300,tahoma,scan,0,0.0000,0.0000,1.0000,1.0000,0.7803,0.0000,0.0000,0.0000,10.7644,
synth-t3_times-new-roman_clean,surya,synthetic,mohre-labour-law-33-2021,300,times-new-roman,none,0,0.0000,0.0000,1.0000,1.0000,0.7803,0.0000,0.0000,0.0000,9.9495,
synth-t3_times-new-roman_scan,surya,synthetic,mohre-labour-law-33-2021,300,times-new-roman,scan,0,0.0000,0.0000,1.0000,1.0000,0.7803,0.0000,0.0000,0.0000,10.6060,
synth-t4_noto-naskh_clean,surya,synthetic,mohre-labour-law-33-2021,300,noto-naskh,none,0,0.0013,0.0000,1.0000,1.0000,0.7795,0.0038,0.0147,0.0000,10.5459,
synth-t4_noto-naskh_scan,surya,synthetic,mohre-labour-law-33-2021,300,noto-naskh,scan,0,0.0013,0.0000,1.0000,1.0000,0.7795,0.0038,0.0147,0.0000,11.2767,
synth-t4_tahoma_clean,surya,synthetic,mohre-labour-law-33-2021,300,tahoma,none,0,0.0000,0.0000,1.0000,1.0000,0.7807,0.0025,0.0147,0.0000,10.2951,
synth-t4_tahoma_scan,surya,synthetic,mohre-labour-law-33-2021,300,tahoma,scan,0,0.0000,0.0000,1.0000,1.0000,0.7807,0.0025,0.0147,0.0000,11.4187,
synth-t4_times-new-roman_clean,surya,synthetic,mohre-labour-law-33-2021,300,times-new-roman,none,0,0.0000,0.0000,1.0000,1.0000,0.7795,0.0025,0.0147,0.0000,10.5138,
synth-t4_times-new-roman_scan,surya,synthetic,mohre-labour-law-33-2021,300,times-new-roman,scan,0,0.0000,0.0000,1.0000,1.0000,0.7795,0.0025,0.0147,0.0000,11.3651,
dubai-law-7-2025_p10_150dpi,tesseract,born-digital,dubai-law-7-2025,150,Times New Roman,none,0,0.1112,0.1976,0.8230,0.3889,0.7537,0.1323,0.2655,0.1020,1.0218,
dubai-law-7-2025_p10_300dpi,tesseract,born-digital,dubai-law-7-2025,300,Times New Roman,none,0,0.0696,0.1357,0.8968,0.5000,0.7664,0.0927,0.2124,0.0604,1.4337,
dubai-law-7-2025_p12_150dpi,tesseract,born-digital,dubai-law-7-2025,150,Times New Roman,none,0,0.0878,0.1450,0.8702,0.4091,0.7586,0.1109,0.2281,0.0736,0.8819,
dubai-law-7-2025_p12_300dpi,tesseract,born-digital,dubai-law-7-2025,300,Times New Roman,none,0,0.1815,0.2443,0.7786,0.4545,0.7367,0.1985,0.3080,0.1686,1.0847,
dubai-law-7-2025_p14_150dpi,tesseract,born-digital,dubai-law-7-2025,150,Times New Roman,none,0,0.0963,0.1245,0.8864,0.8235,0.7466,0.1118,0.1752,0.0869,0.7966,
dubai-law-7-2025_p14_300dpi,tesseract,born-digital,dubai-law-7-2025,300,Times New Roman,none,0,0.0764,0.1026,0.8974,0.7647,0.7540,0.0960,0.1752,0.0709,1.1939,
dubai-law-7-2025_p1_150dpi,tesseract,born-digital,dubai-law-7-2025,150,Times New Roman,none,1,0.0167,0.0282,0.9718,0.9487,0.7939,0.0486,0.0667,0.0055,0.9162,
dubai-law-7-2025_p1_300dpi,tesseract,born-digital,dubai-law-7-2025,300,Times New Roman,none,1,0.0191,0.0387,0.9613,0.9487,0.7927,0.0503,0.0772,0.0098,1.3388,
dubai-law-7-2025_p2_150dpi,tesseract,born-digital,dubai-law-7-2025,150,Times New Roman,none,0,0.1027,0.1572,0.8821,0.6000,0.7657,0.1281,0.2445,0.0931,0.7758,
dubai-law-7-2025_p2_300dpi,tesseract,born-digital,dubai-law-7-2025,300,Times New Roman,none,1,0.0837,0.1179,0.8821,0.8000,0.7579,0.1090,0.2140,0.0711,1.1208,
dubai-law-7-2025_p4_150dpi,tesseract,born-digital,dubai-law-7-2025,150,Times New Roman,none,0,0.0340,0.0660,0.9340,0.8889,0.7716,0.0498,0.1509,0.0271,0.6914,
dubai-law-7-2025_p4_300dpi,tesseract,born-digital,dubai-law-7-2025,300,Times New Roman,none,0,0.0625,0.0991,0.9009,0.7778,0.7623,0.0783,0.1792,0.0535,1.0191,
dubai-law-7-2025_p6_150dpi,tesseract,born-digital,dubai-law-7-2025,150,Times New Roman,none,0,0.0490,0.1414,0.8684,0.5652,0.7697,0.0751,0.2426,0.0419,1.0075,
dubai-law-7-2025_p6_300dpi,tesseract,born-digital,dubai-law-7-2025,300,Times New Roman,none,0,0.0751,0.1776,0.9013,0.6087,0.7732,0.0976,0.2787,0.0587,1.4262,
dubai-law-7-2025_p8_150dpi,tesseract,born-digital,dubai-law-7-2025,150,Times New Roman,none,0,0.0569,0.1084,0.8916,0.8333,0.7617,0.0831,0.2008,0.0497,0.7473,
dubai-law-7-2025_p8_300dpi,tesseract,born-digital,dubai-law-7-2025,300,Times New Roman,none,0,0.0313,0.0723,0.9277,0.8333,0.7632,0.0593,0.1687,0.0219,1.1045,
mohre-labour-law-33-2021_p10L_150dpi,tesseract,born-digital,mohre-labour-law-33-2021,150,"Muna, TheSansArabic",none,0,0.0331,0.0536,0.9464,1.0000,0.7547,0.1729,0.8036,0.0272,0.4892,
mohre-labour-law-33-2021_p10L_300dpi,tesseract,born-digital,mohre-labour-law-33-2021,300,"Muna, TheSansArabic",none,1,0.0387,0.0833,0.9226,1.0000,0.7492,0.1766,0.8095,0.0340,0.6838,
mohre-labour-law-33-2021_p12R_150dpi,tesseract,born-digital,mohre-labour-law-33-2021,150,"Muna, TheSansArabic",none,0,0.0435,0.0727,0.9591,0.7692,0.7486,0.1983,0.7955,0.0315,0.6975,
mohre-labour-law-33-2021_p12R_300dpi,tesseract,born-digital,mohre-labour-law-33-2021,300,"Muna, TheSansArabic",none,0,0.1386,0.1864,0.8364,0.7692,0.7333,0.2773,0.8091,0.1342,0.8251,
mohre-labour-law-33-2021_p16L_150dpi,tesseract,born-digital,mohre-labour-law-33-2021,150,"Muna, TheSansArabic",none,0,0.0317,0.0664,0.9431,0.7273,0.7656,0.1841,0.7678,0.0238,0.6235,
mohre-labour-law-33-2021_p16L_300dpi,tesseract,born-digital,mohre-labour-law-33-2021,300,"Muna, TheSansArabic",none,0,0.1548,0.1943,0.8104,0.5455,0.7280,0.2908,0.8104,0.1435,0.7932,
mohre-labour-law-33-2021_p20R_150dpi,tesseract,born-digital,mohre-labour-law-33-2021,150,"Muna, TheSansArabic",none,0,0.0757,0.1007,0.9262,1.0000,0.7488,0.1893,0.7181,0.0650,0.4455,
mohre-labour-law-33-2021_p20R_300dpi,tesseract,born-digital,mohre-labour-law-33-2021,300,"Muna, TheSansArabic",none,0,0.0637,0.1141,0.9060,0.8571,0.7560,0.1799,0.7181,0.0512,0.6775,
mohre-labour-law-33-2021_p26L_150dpi,tesseract,born-digital,mohre-labour-law-33-2021,150,"Muna, TheSansArabic",none,0,0.0613,0.0714,0.9286,0.7500,0.7457,0.2261,0.8383,0.0561,0.7324,
mohre-labour-law-33-2021_p26L_300dpi,tesseract,born-digital,mohre-labour-law-33-2021,300,"Muna, TheSansArabic",none,0,0.0737,0.0977,0.9098,0.9167,0.7402,0.2364,0.8383,0.0709,0.9607,
mohre-labour-law-33-2021_p32R_150dpi,tesseract,born-digital,mohre-labour-law-33-2021,150,"Muna, TheSansArabic",none,0,0.6226,0.8667,0.8833,0.8095,0.7879,0.6309,0.8667,0.5831,0.2232,
mohre-labour-law-33-2021_p32R_300dpi,tesseract,born-digital,mohre-labour-law-33-2021,300,"Muna, TheSansArabic",none,0,0.6143,0.8667,0.8500,0.6667,0.7851,0.6226,0.8667,0.5773,0.3505,
mohre-labour-law-33-2021_p38L_150dpi,tesseract,born-digital,mohre-labour-law-33-2021,150,"Muna, TheSansArabic",none,0,0.0273,0.0670,0.9381,0.6667,0.7705,0.1802,0.7784,0.0223,0.6227,
mohre-labour-law-33-2021_p38L_300dpi,tesseract,born-digital,mohre-labour-law-33-2021,300,"Muna, TheSansArabic",none,0,0.1844,0.2320,0.7784,0.6667,0.7385,0.3124,0.8041,0.1862,0.7039,
mohre-labour-law-33-2021_p8R_150dpi,tesseract,born-digital,mohre-labour-law-33-2021,150,"Muna, TheSansArabic",none,1,0.0459,0.0684,0.9526,0.8000,0.7650,0.1943,0.6632,0.0366,0.5879,
mohre-labour-law-33-2021_p8R_300dpi,tesseract,born-digital,mohre-labour-law-33-2021,300,"Muna, TheSansArabic",none,1,0.0412,0.0789,0.9316,0.6000,0.7659,0.1880,0.6528,0.0299,0.8305,
synth-t1_noto-naskh_clean,tesseract,synthetic,dubai-law-7-2025,300,noto-naskh,none,1,0.2856,0.2875,0.7125,0.6667,0.7246,0.3008,0.3750,0.2814,0.5858,
synth-t1_noto-naskh_scan,tesseract,synthetic,dubai-law-7-2025,300,noto-naskh,scan,1,0.1982,0.2062,0.7937,0.6667,0.7337,0.2203,0.3125,0.1946,0.7109,
synth-t1_tahoma_clean,tesseract,synthetic,dubai-law-7-2025,300,tahoma,none,0,0.0183,0.0563,0.9437,1.0000,0.7693,0.0709,0.3125,0.0094,0.8414,
synth-t1_tahoma_scan,tesseract,synthetic,dubai-law-7-2025,300,tahoma,scan,1,0.1087,0.2062,0.7937,0.6667,0.7541,0.1456,0.3750,0.0973,0.8502,
synth-t1_times-new-roman_clean,tesseract,synthetic,dubai-law-7-2025,300,times-new-roman,none,0,0.1209,0.1437,0.8625,0.6667,0.7530,0.1351,0.2500,0.1067,0.6849,
synth-t1_times-new-roman_scan,tesseract,synthetic,dubai-law-7-2025,300,times-new-roman,scan,1,0.2144,0.2188,0.7812,0.6667,0.7256,0.2251,0.3125,0.2029,0.6909,
synth-t2_noto-naskh_clean,tesseract,synthetic,dubai-law-7-2025,300,noto-naskh,none,0,0.0469,0.1576,0.8788,0.1250,0.7656,0.0824,0.2667,0.0399,0.7740,
synth-t2_noto-naskh_scan,tesseract,synthetic,dubai-law-7-2025,300,noto-naskh,scan,0,0.0732,0.1212,0.8848,0.3750,0.7520,0.1114,0.2606,0.0669,0.8176,
synth-t2_tahoma_clean,tesseract,synthetic,dubai-law-7-2025,300,tahoma,none,0,0.0713,0.1333,0.8667,0.2500,0.7559,0.1332,0.3758,0.0679,0.8356,
synth-t2_tahoma_scan,tesseract,synthetic,dubai-law-7-2025,300,tahoma,scan,0,0.0811,0.1758,0.8303,0.1250,0.7539,0.1313,0.3576,0.0749,0.8978,
synth-t2_times-new-roman_clean,tesseract,synthetic,dubai-law-7-2025,300,times-new-roman,none,0,0.1416,0.2061,0.7939,0.2500,0.7305,0.1730,0.3273,0.1377,0.6944,
synth-t2_times-new-roman_scan,tesseract,synthetic,dubai-law-7-2025,300,times-new-roman,scan,0,0.0850,0.1515,0.8545,0.1250,0.7510,0.1150,0.2848,0.0798,0.7791,
synth-t3_noto-naskh_clean,tesseract,synthetic,mohre-labour-law-33-2021,300,noto-naskh,none,0,0.1212,0.1077,0.8923,1.0000,0.7377,0.1248,0.1077,0.1199,0.5177,
synth-t3_noto-naskh_scan,tesseract,synthetic,mohre-labour-law-33-2021,300,noto-naskh,scan,0,0.0013,0.0000,1.0000,1.0000,0.7643,0.0080,0.0000,0.0000,0.6615,
synth-t3_tahoma_clean,tesseract,synthetic,mohre-labour-law-33-2021,300,tahoma,none,0,0.0719,0.0846,0.9154,1.0000,0.7483,0.0757,0.0923,0.0695,0.6110,
synth-t3_tahoma_scan,tesseract,synthetic,mohre-labour-law-33-2021,300,tahoma,scan,0,0.1119,0.1154,0.8846,1.0000,0.7350,0.1142,0.1154,0.1090,0.6838,
synth-t3_times-new-roman_clean,tesseract,synthetic,mohre-labour-law-33-2021,300,times-new-roman,none,0,0.1385,0.1385,0.8615,0.8000,0.7364,0.1381,0.1385,0.1335,0.5454,
synth-t3_times-new-roman_scan,tesseract,synthetic,mohre-labour-law-33-2021,300,times-new-roman,scan,0,0.0093,0.0077,0.9923,1.0000,0.7763,0.0093,0.0077,0.0014,0.6575,
synth-t4_noto-naskh_clean,tesseract,synthetic,mohre-labour-law-33-2021,300,noto-naskh,none,0,0.0304,0.0222,0.9778,1.0000,0.7592,0.0365,0.0294,0.0285,0.6149,
synth-t4_noto-naskh_scan,tesseract,synthetic,mohre-labour-law-33-2021,300,noto-naskh,scan,0,0.0304,0.0222,0.9778,1.0000,0.7592,0.0340,0.0294,0.0285,0.6775,
synth-t4_tahoma_clean,tesseract,synthetic,mohre-labour-law-33-2021,300,tahoma,none,0,0.0089,0.0148,0.9926,1.0000,0.7757,0.0113,0.0221,0.0039,0.6857,
synth-t4_tahoma_scan,tesseract,synthetic,mohre-labour-law-33-2021,300,tahoma,scan,0,0.1483,0.1704,0.8370,1.0000,0.7326,0.1509,0.1838,0.1453,0.6762,
synth-t4_times-new-roman_clean,tesseract,synthetic,mohre-labour-law-33-2021,300,times-new-roman,none,0,0.0798,0.0889,0.9111,1.0000,0.7414,0.0805,0.0956,0.0752,0.5829,
synth-t4_times-new-roman_scan,tesseract,synthetic,mohre-labour-law-33-2021,300,times-new-roman,scan,0,0.1356,0.1407,0.8593,1.0000,0.7300,0.1396,0.1471,0.1336,0.6096,
