page_id,image,gt,kind,degradation,dpi,font,source_doc,source_url,pdf_page,small_set,notes,layout,license
dubai-law-7-2025_p1_300dpi,data/pages/dubai-law-7-2025_p1_300dpi.png,data/gt/dubai-law-7-2025_p1.txt,born-digital,none,300,Times New Roman,dubai-law-7-2025,https://dlp.dubai.gov.ae/Legislation%20Ar%20Reference/2025/%D9%82%D8%A7%D9%86%D9%88%D9%86%20%D8%B1%D9%82%D9%85%20(7)%20%D9%84%D8%B3%D9%86%D8%A9%202025%20%D8%A8%D8%B4%D8%A3%D9%86%20%D8%AA%D9%86%D8%B8%D9%8A%D9%85%20%D9%85%D8%B2%D8%A7%D9%88%D9%84%D8%A9%20%D8%A3%D9%86%D8%B4%D8%B7%D8%A9%20%D8%A7%D9%84%D9%85%D9%82%D8%A7%D9%88%D9%84%D8%A7%D8%AA.pdf,1,1,,,none stated in the PDF (official UAE legislation)
dubai-law-7-2025_p1_150dpi,data/pages/dubai-law-7-2025_p1_150dpi.png,data/gt/dubai-law-7-2025_p1.txt,born-digital,none,150,Times New Roman,dubai-law-7-2025,https://dlp.dubai.gov.ae/Legislation%20Ar%20Reference/2025/%D9%82%D8%A7%D9%86%D9%88%D9%86%20%D8%B1%D9%82%D9%85%20(7)%20%D9%84%D8%B3%D9%86%D8%A9%202025%20%D8%A8%D8%B4%D8%A3%D9%86%20%D8%AA%D9%86%D8%B8%D9%8A%D9%85%20%D9%85%D8%B2%D8%A7%D9%88%D9%84%D8%A9%20%D8%A3%D9%86%D8%B4%D8%B7%D8%A9%20%D8%A7%D9%84%D9%85%D9%82%D8%A7%D9%88%D9%84%D8%A7%D8%AA.pdf,1,1,,,none stated in the PDF (official UAE legislation)
yarmouk-1189,data/realscans/yarmouk-1189.png,data/realscans/gt/yarmouk-1189.txt,real-scan,scanned,300,,nod-yarmouk,https://doi.org/10.5281/zenodo.5068735,1189,1,NOD yarmouk_01_col (clean colour scan),single,CC BY 4.0
synth-t1_noto-naskh_clean,data/synthetic/synth-t1_noto-naskh_clean.png,data/gt/synth-t1.txt,synthetic,none,300,noto-naskh,dubai-law-7-2025,https://dlp.dubai.gov.ae/Legislation%20Ar%20Reference/2025/%D9%82%D8%A7%D9%86%D9%88%D9%86%20%D8%B1%D9%82%D9%85%20(7)%20%D9%84%D8%B3%D9%86%D8%A9%202025%20%D8%A8%D8%B4%D8%A3%D9%86%20%D8%AA%D9%86%D8%B8%D9%8A%D9%85%20%D9%85%D8%B2%D8%A7%D9%88%D9%84%D8%A9%20%D8%A3%D9%86%D8%B4%D8%B7%D8%A9%20%D8%A7%D9%84%D9%85%D9%82%D8%A7%D9%88%D9%84%D8%A7%D8%AA.pdf,5,1,,,none stated in the PDF (official UAE legislation)
synth-t1_noto-naskh_scan,data/synthetic/synth-t1_noto-naskh_scan.png,data/gt/synth-t1.txt,synthetic,scan,300,noto-naskh,dubai-law-7-2025,https://dlp.dubai.gov.ae/Legislation%20Ar%20Reference/2025/%D9%82%D8%A7%D9%86%D9%88%D9%86%20%D8%B1%D9%82%D9%85%20(7)%20%D9%84%D8%B3%D9%86%D8%A9%202025%20%D8%A8%D8%B4%D8%A3%D9%86%20%D8%AA%D9%86%D8%B8%D9%8A%D9%85%20%D9%85%D8%B2%D8%A7%D9%88%D9%84%D8%A9%20%D8%A3%D9%86%D8%B4%D8%B7%D8%A9%20%D8%A7%D9%84%D9%85%D9%82%D8%A7%D9%88%D9%84%D8%A7%D8%AA.pdf,5,1,rotation +1.26 deg; gaussian blur 0.9 px; grey levels 25-230; noise sigma 10; JPEG q70,,none stated in the PDF (official UAE legislation)
misraj-105,data/realscans/misraj-105.png,data/realscans/gt/misraj-105.txt,real-scan,photo,0,,misraj-dococr,https://huggingface.co/datasets/Misraj/Misraj-DocOCR,105 (29700238-62c1-4fbd-801b-b59febe09632),1,,single,Apache-2.0
misraj-010,data/realscans/misraj-010.png,data/realscans/gt/misraj-010.txt,real-scan,scanned,0,,misraj-dococr,https://huggingface.co/datasets/Misraj/Misraj-DocOCR,10 (dec1b1d7-c80d-4555-abf8-b704578584d7),1,,single,Apache-2.0
mohre-labour-law-33-2021_p8R_300dpi,data/pages/mohre-labour-law-33-2021_p8R_300dpi.png,data/gt/mohre-labour-law-33-2021_p8R.txt,born-digital,none,300,"Muna, TheSansArabic",mohre-labour-law-33-2021,https://mohre.gov.ae/assets/download/43e39236/%D9%85%D8%B1%D8%B3%D9%88%D9%85%20%D8%A8%D9%82%D8%A7%D9%86%D9%88%D9%86%20%D8%A7%D8%AA%D8%AD%D8%A7%D8%AF%D9%8A%20%D8%B1%D9%82%D9%85%2033%20%D9%84%D8%B3%D9%86%D8%A9%202021%20%D8%A8%D8%B4%D8%A3%D9%86%20%D8%AA%D9%86%D8%B8%D9%8A%D9%85%20%D8%B9%D9%84%D8%A7%D9%82%D8%A7%D8%AA%20%D8%A7%D9%84%D8%B9%D9%85%D9%84%20%D9%88%D8%AA%D8%B9%D8%AF%D9%8A%D9%84%D8%A7%D8%AA%D9%87_638990570577815564.pdf.aspx,8R,1,,,none stated in the PDF (official UAE legislation)
mohre-labour-law-33-2021_p8R_150dpi,data/pages/mohre-labour-law-33-2021_p8R_150dpi.png,data/gt/mohre-labour-law-33-2021_p8R.txt,born-digital,none,150,"Muna, TheSansArabic",mohre-labour-law-33-2021,https://mohre.gov.ae/assets/download/43e39236/%D9%85%D8%B1%D8%B3%D9%88%D9%85%20%D8%A8%D9%82%D8%A7%D9%86%D9%88%D9%86%20%D8%A7%D8%AA%D8%AD%D8%A7%D8%AF%D9%8A%20%D8%B1%D9%82%D9%85%2033%20%D9%84%D8%B3%D9%86%D8%A9%202021%20%D8%A8%D8%B4%D8%A3%D9%86%20%D8%AA%D9%86%D8%B8%D9%8A%D9%85%20%D8%B9%D9%84%D8%A7%D9%82%D8%A7%D8%AA%20%D8%A7%D9%84%D8%B9%D9%85%D9%84%20%D9%88%D8%AA%D8%B9%D8%AF%D9%8A%D9%84%D8%A7%D8%AA%D9%87_638990570577815564.pdf.aspx,8R,1,,,none stated in the PDF (official UAE legislation)
yarmouk-1569,data/realscans/yarmouk-1569.png,data/realscans/gt/yarmouk-1569.txt,real-scan,scanned,300,,nod-yarmouk,https://doi.org/10.5281/zenodo.5068735,1569,1,NOD yarmouk_01_col (clean colour scan),single,CC BY 4.0
synth-t1_tahoma_clean,data/synthetic/synth-t1_tahoma_clean.png,data/gt/synth-t1.txt,synthetic,none,300,tahoma,dubai-law-7-2025,https://dlp.dubai.gov.ae/Legislation%20Ar%20Reference/2025/%D9%82%D8%A7%D9%86%D9%88%D9%86%20%D8%B1%D9%82%D9%85%20(7)%20%D9%84%D8%B3%D9%86%D8%A9%202025%20%D8%A8%D8%B4%D8%A3%D9%86%20%D8%AA%D9%86%D8%B8%D9%8A%D9%85%20%D9%85%D8%B2%D8%A7%D9%88%D9%84%D8%A9%20%D8%A3%D9%86%D8%B4%D8%B7%D8%A9%20%D8%A7%D9%84%D9%85%D9%82%D8%A7%D9%88%D9%84%D8%A7%D8%AA.pdf,5,0,,,none stated in the PDF (official UAE legislation)
synth-t1_tahoma_scan,data/synthetic/synth-t1_tahoma_scan.png,data/gt/synth-t1.txt,synthetic,scan,300,tahoma,dubai-law-7-2025,https://dlp.dubai.gov.ae/Legislation%20Ar%20Reference/2025/%D9%82%D8%A7%D9%86%D9%88%D9%86%20%D8%B1%D9%82%D9%85%20(7)%20%D9%84%D8%B3%D9%86%D8%A9%202025%20%D8%A8%D8%B4%D8%A3%D9%86%20%D8%AA%D9%86%D8%B8%D9%8A%D9%85%20%D9%85%D8%B2%D8%A7%D9%88%D9%84%D8%A9%20%D8%A3%D9%86%D8%B4%D8%B7%D8%A9%20%D8%A7%D9%84%D9%85%D9%82%D8%A7%D9%88%D9%84%D8%A7%D8%AA.pdf,5,1,rotation -1.07 deg; gaussian blur 0.9 px; grey levels 25-230; noise sigma 10; JPEG q70,,none stated in the PDF (official UAE legislation)
misraj-116,data/realscans/misraj-116.png,data/realscans/gt/misraj-116.txt,real-scan,photo,0,,misraj-dococr,https://huggingface.co/datasets/Misraj/Misraj-DocOCR,116 (70bacf37-2f63-4921-98e0-1bfd82f34afc),1,,single,Apache-2.0
misraj-019,data/realscans/misraj-019.png,data/realscans/gt/misraj-019.txt,real-scan,scanned,0,,misraj-dococr,https://huggingface.co/datasets/Misraj/Misraj-DocOCR,19 (843ed04e-b743-44c9-a7a5-0019f3fcdbd2),1,,single,Apache-2.0
dubai-law-7-2025_p2_300dpi,data/pages/dubai-law-7-2025_p2_300dpi.png,data/gt/dubai-law-7-2025_p2.txt,born-digital,none,300,Times New Roman,dubai-law-7-2025,https://dlp.dubai.gov.ae/Legislation%20Ar%20Reference/2025/%D9%82%D8%A7%D9%86%D9%88%D9%86%20%D8%B1%D9%82%D9%85%20(7)%20%D9%84%D8%B3%D9%86%D8%A9%202025%20%D8%A8%D8%B4%D8%A3%D9%86%20%D8%AA%D9%86%D8%B8%D9%8A%D9%85%20%D9%85%D8%B2%D8%A7%D9%88%D9%84%D8%A9%20%D8%A3%D9%86%D8%B4%D8%B7%D8%A9%20%D8%A7%D9%84%D9%85%D9%82%D8%A7%D9%88%D9%84%D8%A7%D8%AA.pdf,2,1,,,none stated in the PDF (official UAE legislation)
dubai-law-7-2025_p2_150dpi,data/pages/dubai-law-7-2025_p2_150dpi.png,data/gt/dubai-law-7-2025_p2.txt,born-digital,none,150,Times New Roman,dubai-law-7-2025,https://dlp.dubai.gov.ae/Legislation%20Ar%20Reference/2025/%D9%82%D8%A7%D9%86%D9%88%D9%86%20%D8%B1%D9%82%D9%85%20(7)%20%D9%84%D8%B3%D9%86%D8%A9%202025%20%D8%A8%D8%B4%D8%A3%D9%86%20%D8%AA%D9%86%D8%B8%D9%8A%D9%85%20%D9%85%D8%B2%D8%A7%D9%88%D9%84%D8%A9%20%D8%A3%D9%86%D8%B4%D8%B7%D8%A9%20%D8%A7%D9%84%D9%85%D9%82%D8%A7%D9%88%D9%84%D8%A7%D8%AA.pdf,2,0,,,none stated in the PDF (official UAE legislation)
yarmouk-1684,data/realscans/yarmouk-1684.png,data/realscans/gt/yarmouk-1684.txt,real-scan,scanned,300,,nod-yarmouk,https://doi.org/10.5281/zenodo.5068735,1684,1,NOD yarmouk_01_col (clean colour scan),single,CC BY 4.0
synth-t1_times-new-roman_clean,data/synthetic/synth-t1_times-new-roman_clean.png,data/gt/synth-t1.txt,synthetic,none,300,times-new-roman,dubai-law-7-2025,https://dlp.dubai.gov.ae/Legislation%20Ar%20Reference/2025/%D9%82%D8%A7%D9%86%D9%88%D9%86%20%D8%B1%D9%82%D9%85%20(7)%20%D9%84%D8%B3%D9%86%D8%A9%202025%20%D8%A8%D8%B4%D8%A3%D9%86%20%D8%AA%D9%86%D8%B8%D9%8A%D9%85%20%D9%85%D8%B2%D8%A7%D9%88%D9%84%D8%A9%20%D8%A3%D9%86%D8%B4%D8%B7%D8%A9%20%D8%A7%D9%84%D9%85%D9%82%D8%A7%D9%88%D9%84%D8%A7%D8%AA.pdf,5,0,,,none stated in the PDF (official UAE legislation)
synth-t1_times-new-roman_scan,data/synthetic/synth-t1_times-new-roman_scan.png,data/gt/synth-t1.txt,synthetic,scan,300,times-new-roman,dubai-law-7-2025,https://dlp.dubai.gov.ae/Legislation%20Ar%20Reference/2025/%D9%82%D8%A7%D9%86%D9%88%D9%86%20%D8%B1%D9%82%D9%85%20(7)%20%D9%84%D8%B3%D9%86%D8%A9%202025%20%D8%A8%D8%B4%D8%A3%D9%86%20%D8%AA%D9%86%D8%B8%D9%8A%D9%85%20%D9%85%D8%B2%D8%A7%D9%88%D9%84%D8%A9%20%D8%A3%D9%86%D8%B4%D8%B7%D8%A9%20%D8%A7%D9%84%D9%85%D9%82%D8%A7%D9%88%D9%84%D8%A7%D8%AA.pdf,5,1,rotation -0.59 deg; gaussian blur 0.9 px; grey levels 25-230; noise sigma 10; JPEG q70,,none stated in the PDF (official UAE legislation)
misraj-122,data/realscans/misraj-122.png,data/realscans/gt/misraj-122.txt,real-scan,photo,0,,misraj-dococr,https://huggingface.co/datasets/Misraj/Misraj-DocOCR,122 (46f3e399-6c97-4b59-b7f9-6cdab9c713e0),0,,single,Apache-2.0
misraj-025,data/realscans/misraj-025.png,data/realscans/gt/misraj-025.txt,real-scan,scanned,0,,misraj-dococr,https://huggingface.co/datasets/Misraj/Misraj-DocOCR,25 (7fb4a661-e628-422b-891f-83aa0459cdee),1,black scanner border on the right,single,Apache-2.0
mohre-labour-law-33-2021_p10L_300dpi,data/pages/mohre-labour-law-33-2021_p10L_300dpi.png,data/gt/mohre-labour-law-33-2021_p10L.txt,born-digital,none,300,"Muna, TheSansArabic",mohre-labour-law-33-2021,https://mohre.gov.ae/assets/download/43e39236/%D9%85%D8%B1%D8%B3%D9%88%D9%85%20%D8%A8%D9%82%D8%A7%D9%86%D9%88%D9%86%20%D8%A7%D8%AA%D8%AD%D8%A7%D8%AF%D9%8A%20%D8%B1%D9%82%D9%85%2033%20%D9%84%D8%B3%D9%86%D8%A9%202021%20%D8%A8%D8%B4%D8%A3%D9%86%20%D8%AA%D9%86%D8%B8%D9%8A%D9%85%20%D8%B9%D9%84%D8%A7%D9%82%D8%A7%D8%AA%20%D8%A7%D9%84%D8%B9%D9%85%D9%84%20%D9%88%D8%AA%D8%B9%D8%AF%D9%8A%D9%84%D8%A7%D8%AA%D9%87_638990570577815564.pdf.aspx,10L,1,,,none stated in the PDF (official UAE legislation)
mohre-labour-law-33-2021_p10L_150dpi,data/pages/mohre-labour-law-33-2021_p10L_150dpi.png,data/gt/mohre-labour-law-33-2021_p10L.txt,born-digital,none,150,"Muna, TheSansArabic",mohre-labour-law-33-2021,https://mohre.gov.ae/assets/download/43e39236/%D9%85%D8%B1%D8%B3%D9%88%D9%85%20%D8%A8%D9%82%D8%A7%D9%86%D9%88%D9%86%20%D8%A7%D8%AA%D8%AD%D8%A7%D8%AF%D9%8A%20%D8%B1%D9%82%D9%85%2033%20%D9%84%D8%B3%D9%86%D8%A9%202021%20%D8%A8%D8%B4%D8%A3%D9%86%20%D8%AA%D9%86%D8%B8%D9%8A%D9%85%20%D8%B9%D9%84%D8%A7%D9%82%D8%A7%D8%AA%20%D8%A7%D9%84%D8%B9%D9%85%D9%84%20%D9%88%D8%AA%D8%B9%D8%AF%D9%8A%D9%84%D8%A7%D8%AA%D9%87_638990570577815564.pdf.aspx,10L,0,,,none stated in the PDF (official UAE legislation)
yarmouk-4155,data/realscans/yarmouk-4155.png,data/realscans/gt/yarmouk-4155.txt,real-scan,scanned,300,,nod-yarmouk,https://doi.org/10.5281/zenodo.5068735,4155,1,NOD yarmouk_01_col (clean colour scan),single,CC BY 4.0
synth-t2_noto-naskh_clean,data/synthetic/synth-t2_noto-naskh_clean.png,data/gt/synth-t2.txt,synthetic,none,300,noto-naskh,dubai-law-7-2025,https://dlp.dubai.gov.ae/Legislation%20Ar%20Reference/2025/%D9%82%D8%A7%D9%86%D9%88%D9%86%20%D8%B1%D9%82%D9%85%20(7)%20%D9%84%D8%B3%D9%86%D8%A9%202025%20%D8%A8%D8%B4%D8%A3%D9%86%20%D8%AA%D9%86%D8%B8%D9%8A%D9%85%20%D9%85%D8%B2%D8%A7%D9%88%D9%84%D8%A9%20%D8%A3%D9%86%D8%B4%D8%B7%D8%A9%20%D8%A7%D9%84%D9%85%D9%82%D8%A7%D9%88%D9%84%D8%A7%D8%AA.pdf,11,0,,,none stated in the PDF (official UAE legislation)
synth-t2_noto-naskh_scan,data/synthetic/synth-t2_noto-naskh_scan.png,data/gt/synth-t2.txt,synthetic,scan,300,noto-naskh,dubai-law-7-2025,https://dlp.dubai.gov.ae/Legislation%20Ar%20Reference/2025/%D9%82%D8%A7%D9%86%D9%88%D9%86%20%D8%B1%D9%82%D9%85%20(7)%20%D9%84%D8%B3%D9%86%D8%A9%202025%20%D8%A8%D8%B4%D8%A3%D9%86%20%D8%AA%D9%86%D8%B8%D9%8A%D9%85%20%D9%85%D8%B2%D8%A7%D9%88%D9%84%D8%A9%20%D8%A3%D9%86%D8%B4%D8%B7%D8%A9%20%D8%A7%D9%84%D9%85%D9%82%D8%A7%D9%88%D9%84%D8%A7%D8%AA.pdf,11,0,rotation +1.17 deg; gaussian blur 0.9 px; grey levels 25-230; noise sigma 10; JPEG q70,,none stated in the PDF (official UAE legislation)
misraj-124,data/realscans/misraj-124.png,data/realscans/gt/misraj-124.txt,real-scan,photo,0,,misraj-dococr,https://huggingface.co/datasets/Misraj/Misraj-DocOCR,124 (34e7e731-e797-4fb2-8d05-7c13205c34cf),0,,single,Apache-2.0
misraj-026,data/realscans/misraj-026.png,data/realscans/gt/misraj-026.txt,real-scan,scanned,0,,misraj-dococr,https://huggingface.co/datasets/Misraj/Misraj-DocOCR,26 (2daf9be6-4f60-4dfe-8936-d9a6f987548d),1,,single,Apache-2.0
dubai-law-7-2025_p4_300dpi,data/pages/dubai-law-7-2025_p4_300dpi.png,data/gt/dubai-law-7-2025_p4.txt,born-digital,none,300,Times New Roman,dubai-law-7-2025,https://dlp.dubai.gov.ae/Legislation%20Ar%20Reference/2025/%D9%82%D8%A7%D9%86%D9%88%D9%86%20%D8%B1%D9%82%D9%85%20(7)%20%D9%84%D8%B3%D9%86%D8%A9%202025%20%D8%A8%D8%B4%D8%A3%D9%86%20%D8%AA%D9%86%D8%B8%D9%8A%D9%85%20%D9%85%D8%B2%D8%A7%D9%88%D9%84%D8%A9%20%D8%A3%D9%86%D8%B4%D8%B7%D8%A9%20%D8%A7%D9%84%D9%85%D9%82%D8%A7%D9%88%D9%84%D8%A7%D8%AA.pdf,4,0,,,none stated in the PDF (official UAE legislation)
dubai-law-7-2025_p4_150dpi,data/pages/dubai-law-7-2025_p4_150dpi.png,data/gt/dubai-law-7-2025_p4.txt,born-digital,none,150,Times New Roman,dubai-law-7-2025,https://dlp.dubai.gov.ae/Legislation%20Ar%20Reference/2025/%D9%82%D8%A7%D9%86%D9%88%D9%86%20%D8%B1%D9%82%D9%85%20(7)%20%D9%84%D8%B3%D9%86%D8%A9%202025%20%D8%A8%D8%B4%D8%A3%D9%86%20%D8%AA%D9%86%D8%B8%D9%8A%D9%85%20%D9%85%D8%B2%D8%A7%D9%88%D9%84%D8%A9%20%D8%A3%D9%86%D8%B4%D8%B7%D8%A9%20%D8%A7%D9%84%D9%85%D9%82%D8%A7%D9%88%D9%84%D8%A7%D8%AA.pdf,4,0,,,none stated in the PDF (official UAE legislation)
yarmouk-4595,data/realscans/yarmouk-4595.png,data/realscans/gt/yarmouk-4595.txt,real-scan,scanned,300,,nod-yarmouk,https://doi.org/10.5281/zenodo.5068735,4595,0,NOD yarmouk_01_col (clean colour scan),single,CC BY 4.0
synth-t2_tahoma_clean,data/synthetic/synth-t2_tahoma_clean.png,data/gt/synth-t2.txt,synthetic,none,300,tahoma,dubai-law-7-2025,https://dlp.dubai.gov.ae/Legislation%20Ar%20Reference/2025/%D9%82%D8%A7%D9%86%D9%88%D9%86%20%D8%B1%D9%82%D9%85%20(7)%20%D9%84%D8%B3%D9%86%D8%A9%202025%20%D8%A8%D8%B4%D8%A3%D9%86%20%D8%AA%D9%86%D8%B8%D9%8A%D9%85%20%D9%85%D8%B2%D8%A7%D9%88%D9%84%D8%A9%20%D8%A3%D9%86%D8%B4%D8%B7%D8%A9%20%D8%A7%D9%84%D9%85%D9%82%D8%A7%D9%88%D9%84%D8%A7%D8%AA.pdf,11,0,,,none stated in the PDF (official UAE legislation)
synth-t2_tahoma_scan,data/synthetic/synth-t2_tahoma_scan.png,data/gt/synth-t2.txt,synthetic,scan,300,tahoma,dubai-law-7-2025,https://dlp.dubai.gov.ae/Legislation%20Ar%20Reference/2025/%D9%82%D8%A7%D9%86%D9%88%D9%86%20%D8%B1%D9%82%D9%85%20(7)%20%D9%84%D8%B3%D9%86%D8%A9%202025%20%D8%A8%D8%B4%D8%A3%D9%86%20%D8%AA%D9%86%D8%B8%D9%8A%D9%85%20%D9%85%D8%B2%D8%A7%D9%88%D9%84%D8%A9%20%D8%A3%D9%86%D8%B4%D8%B7%D8%A9%20%D8%A7%D9%84%D9%85%D9%82%D8%A7%D9%88%D9%84%D8%A7%D8%AA.pdf,11,0,rotation -1.26 deg; gaussian blur 0.9 px; grey levels 25-230; noise sigma 10; JPEG q70,,none stated in the PDF (official UAE legislation)
misraj-135,data/realscans/misraj-135.png,data/realscans/gt/misraj-135.txt,real-scan,photo,0,,misraj-dococr,https://huggingface.co/datasets/Misraj/Misraj-DocOCR,135 (1df6458c-7c65-47e7-9293-1b6e7dee59bb),0,"phone photo of an open book, two pages",multi,Apache-2.0
misraj-027,data/realscans/misraj-027.png,data/realscans/gt/misraj-027.txt,real-scan,scanned,0,,misraj-dococr,https://huggingface.co/datasets/Misraj/Misraj-DocOCR,27 (b181ae59-300c-4ba9-8baa-2a842ca42b79),0,,single,Apache-2.0
mohre-labour-law-33-2021_p12R_300dpi,data/pages/mohre-labour-law-33-2021_p12R_300dpi.png,data/gt/mohre-labour-law-33-2021_p12R.txt,born-digital,none,300,"Muna, TheSansArabic",mohre-labour-law-33-2021,https://mohre.gov.ae/assets/download/43e39236/%D9%85%D8%B1%D8%B3%D9%88%D9%85%20%D8%A8%D9%82%D8%A7%D9%86%D9%88%D9%86%20%D8%A7%D8%AA%D8%AD%D8%A7%D8%AF%D9%8A%20%D8%B1%D9%82%D9%85%2033%20%D9%84%D8%B3%D9%86%D8%A9%202021%20%D8%A8%D8%B4%D8%A3%D9%86%20%D8%AA%D9%86%D8%B8%D9%8A%D9%85%20%D8%B9%D9%84%D8%A7%D9%82%D8%A7%D8%AA%20%D8%A7%D9%84%D8%B9%D9%85%D9%84%20%D9%88%D8%AA%D8%B9%D8%AF%D9%8A%D9%84%D8%A7%D8%AA%D9%87_638990570577815564.pdf.aspx,12R,0,,,none stated in the PDF (official UAE legislation)
mohre-labour-law-33-2021_p12R_150dpi,data/pages/mohre-labour-law-33-2021_p12R_150dpi.png,data/gt/mohre-labour-law-33-2021_p12R.txt,born-digital,none,150,"Muna, TheSansArabic",mohre-labour-law-33-2021,https://mohre.gov.ae/assets/download/43e39236/%D9%85%D8%B1%D8%B3%D9%88%D9%85%20%D8%A8%D9%82%D8%A7%D9%86%D9%88%D9%86%20%D8%A7%D8%AA%D8%AD%D8%A7%D8%AF%D9%8A%20%D8%B1%D9%82%D9%85%2033%20%D9%84%D8%B3%D9%86%D8%A9%202021%20%D8%A8%D8%B4%D8%A3%D9%86%20%D8%AA%D9%86%D8%B8%D9%8A%D9%85%20%D8%B9%D9%84%D8%A7%D9%82%D8%A7%D8%AA%20%D8%A7%D9%84%D8%B9%D9%85%D9%84%20%D9%88%D8%AA%D8%B9%D8%AF%D9%8A%D9%84%D8%A7%D8%AA%D9%87_638990570577815564.pdf.aspx,12R,0,,,none stated in the PDF (official UAE legislation)
yarmouk-5157,data/realscans/yarmouk-5157.png,data/realscans/gt/yarmouk-5157.txt,real-scan,scanned,300,,nod-yarmouk,https://doi.org/10.5281/zenodo.5068735,5157,0,NOD yarmouk_01_col (clean colour scan),single,CC BY 4.0
synth-t2_times-new-roman_clean,data/synthetic/synth-t2_times-new-roman_clean.png,data/gt/synth-t2.txt,synthetic,none,300,times-new-roman,dubai-law-7-2025,https://dlp.dubai.gov.ae/Legislation%20Ar%20Reference/2025/%D9%82%D8%A7%D9%86%D9%88%D9%86%20%D8%B1%D9%82%D9%85%20(7)%20%D9%84%D8%B3%D9%86%D8%A9%202025%20%D8%A8%D8%B4%D8%A3%D9%86%20%D8%AA%D9%86%D8%B8%D9%8A%D9%85%20%D9%85%D8%B2%D8%A7%D9%88%D9%84%D8%A9%20%D8%A3%D9%86%D8%B4%D8%B7%D8%A9%20%D8%A7%D9%84%D9%85%D9%82%D8%A7%D9%88%D9%84%D8%A7%D8%AA.pdf,11,0,,,none stated in the PDF (official UAE legislation)
synth-t2_times-new-roman_scan,data/synthetic/synth-t2_times-new-roman_scan.png,data/gt/synth-t2.txt,synthetic,scan,300,times-new-roman,dubai-law-7-2025,https://dlp.dubai.gov.ae/Legislation%20Ar%20Reference/2025/%D9%82%D8%A7%D9%86%D9%88%D9%86%20%D8%B1%D9%82%D9%85%20(7)%20%D9%84%D8%B3%D9%86%D8%A9%202025%20%D8%A8%D8%B4%D8%A3%D9%86%20%D8%AA%D9%86%D8%B8%D9%8A%D9%85%20%D9%85%D8%B2%D8%A7%D9%88%D9%84%D8%A9%20%D8%A3%D9%86%D8%B4%D8%B7%D8%A9%20%D8%A7%D9%84%D9%85%D9%82%D8%A7%D9%88%D9%84%D8%A7%D8%AA.pdf,11,0,rotation +1.40 deg; gaussian blur 0.9 px; grey levels 25-230; noise sigma 10; JPEG q70,,none stated in the PDF (official UAE legislation)
misraj-136,data/realscans/misraj-136.png,data/realscans/gt/misraj-136.txt,real-scan,photo,0,,misraj-dococr,https://huggingface.co/datasets/Misraj/Misraj-DocOCR,136 (7b731100-c800-4a1a-80d1-2b25a458cad4),0,"phone photo of a book page, verse in two halves per line; a strip of the facing page shows on the left and is not transcribed",single,Apache-2.0
misraj-034,data/realscans/misraj-034.png,data/realscans/gt/misraj-034.txt,real-scan,scanned,0,,misraj-dococr,https://huggingface.co/datasets/Misraj/Misraj-DocOCR,34 (b3d8e057-55a5-4229-b2ba-103be8022376),0,,single,Apache-2.0
dubai-law-7-2025_p6_300dpi,data/pages/dubai-law-7-2025_p6_300dpi.png,data/gt/dubai-law-7-2025_p6.txt,born-digital,none,300,Times New Roman,dubai-law-7-2025,https://dlp.dubai.gov.ae/Legislation%20Ar%20Reference/2025/%D9%82%D8%A7%D9%86%D9%88%D9%86%20%D8%B1%D9%82%D9%85%20(7)%20%D9%84%D8%B3%D9%86%D8%A9%202025%20%D8%A8%D8%B4%D8%A3%D9%86%20%D8%AA%D9%86%D8%B8%D9%8A%D9%85%20%D9%85%D8%B2%D8%A7%D9%88%D9%84%D8%A9%20%D8%A3%D9%86%D8%B4%D8%B7%D8%A9%20%D8%A7%D9%84%D9%85%D9%82%D8%A7%D9%88%D9%84%D8%A7%D8%AA.pdf,6,0,,,none stated in the PDF (official UAE legislation)
dubai-law-7-2025_p6_150dpi,data/pages/dubai-law-7-2025_p6_150dpi.png,data/gt/dubai-law-7-2025_p6.txt,born-digital,none,150,Times New Roman,dubai-law-7-2025,https://dlp.dubai.gov.ae/Legislation%20Ar%20Reference/2025/%D9%82%D8%A7%D9%86%D9%88%D9%86%20%D8%B1%D9%82%D9%85%20(7)%20%D9%84%D8%B3%D9%86%D8%A9%202025%20%D8%A8%D8%B4%D8%A3%D9%86%20%D8%AA%D9%86%D8%B8%D9%8A%D9%85%20%D9%85%D8%B2%D8%A7%D9%88%D9%84%D8%A9%20%D8%A3%D9%86%D8%B4%D8%B7%D8%A9%20%D8%A7%D9%84%D9%85%D9%82%D8%A7%D9%88%D9%84%D8%A7%D8%AA.pdf,6,0,,,none stated in the PDF (official UAE legislation)
yarmouk-5815,data/realscans/yarmouk-5815.png,data/realscans/gt/yarmouk-5815.txt,real-scan,scanned,300,,nod-yarmouk,https://doi.org/10.5281/zenodo.5068735,5815,0,NOD yarmouk_01_col (clean colour scan),single,CC BY 4.0
synth-t3_noto-naskh_clean,data/synthetic/synth-t3_noto-naskh_clean.png,data/gt/synth-t3.txt,synthetic,none,300,noto-naskh,mohre-labour-law-33-2021,https://mohre.gov.ae/assets/download/43e39236/%D9%85%D8%B1%D8%B3%D9%88%D9%85%20%D8%A8%D9%82%D8%A7%D9%86%D9%88%D9%86%20%D8%A7%D8%AA%D8%AD%D8%A7%D8%AF%D9%8A%20%D8%B1%D9%82%D9%85%2033%20%D9%84%D8%B3%D9%86%D8%A9%202021%20%D8%A8%D8%B4%D8%A3%D9%86%20%D8%AA%D9%86%D8%B8%D9%8A%D9%85%20%D8%B9%D9%84%D8%A7%D9%82%D8%A7%D8%AA%20%D8%A7%D9%84%D8%B9%D9%85%D9%84%20%D9%88%D8%AA%D8%B9%D8%AF%D9%8A%D9%84%D8%A7%D8%AA%D9%87_638990570577815564.pdf.aspx,14R,0,,,none stated in the PDF (official UAE legislation)
synth-t3_noto-naskh_scan,data/synthetic/synth-t3_noto-naskh_scan.png,data/gt/synth-t3.txt,synthetic,scan,300,noto-naskh,mohre-labour-law-33-2021,https://mohre.gov.ae/assets/download/43e39236/%D9%85%D8%B1%D8%B3%D9%88%D9%85%20%D8%A8%D9%82%D8%A7%D9%86%D9%88%D9%86%20%D8%A7%D8%AA%D8%AD%D8%A7%D8%AF%D9%8A%20%D8%B1%D9%82%D9%85%2033%20%D9%84%D8%B3%D9%86%D8%A9%202021%20%D8%A8%D8%B4%D8%A3%D9%86%20%D8%AA%D9%86%D8%B8%D9%8A%D9%85%20%D8%B9%D9%84%D8%A7%D9%82%D8%A7%D8%AA%20%D8%A7%D9%84%D8%B9%D9%85%D9%84%20%D9%88%D8%AA%D8%B9%D8%AF%D9%8A%D9%84%D8%A7%D8%AA%D9%87_638990570577815564.pdf.aspx,14R,0,rotation +0.55 deg; gaussian blur 0.9 px; grey levels 25-230; noise sigma 10; JPEG q70,,none stated in the PDF (official UAE legislation)
misraj-139,data/realscans/misraj-139.png,data/realscans/gt/misraj-139.txt,real-scan,photo,0,,misraj-dococr,https://huggingface.co/datasets/Misraj/Misraj-DocOCR,139 (4c8f92c9-5364-4103-9dc4-5394fe975a6f),0,"phone photo of an open book, two pages",multi,Apache-2.0
misraj-039,data/realscans/misraj-039.png,data/realscans/gt/misraj-039.txt,real-scan,scanned,0,,misraj-dococr,https://huggingface.co/datasets/Misraj/Misraj-DocOCR,39 (eec3968c-77f1-4e0a-b063-e85af78de179),0,,single,Apache-2.0
mohre-labour-law-33-2021_p16L_300dpi,data/pages/mohre-labour-law-33-2021_p16L_300dpi.png,data/gt/mohre-labour-law-33-2021_p16L.txt,born-digital,none,300,"Muna, TheSansArabic",mohre-labour-law-33-2021,https://mohre.gov.ae/assets/download/43e39236/%D9%85%D8%B1%D8%B3%D9%88%D9%85%20%D8%A8%D9%82%D8%A7%D9%86%D9%88%D9%86%20%D8%A7%D8%AA%D8%AD%D8%A7%D8%AF%D9%8A%20%D8%B1%D9%82%D9%85%2033%20%D9%84%D8%B3%D9%86%D8%A9%202021%20%D8%A8%D8%B4%D8%A3%D9%86%20%D8%AA%D9%86%D8%B8%D9%8A%D9%85%20%D8%B9%D9%84%D8%A7%D9%82%D8%A7%D8%AA%20%D8%A7%D9%84%D8%B9%D9%85%D9%84%20%D9%88%D8%AA%D8%B9%D8%AF%D9%8A%D9%84%D8%A7%D8%AA%D9%87_638990570577815564.pdf.aspx,16L,0,,,none stated in the PDF (official UAE legislation)
mohre-labour-law-33-2021_p16L_150dpi,data/pages/mohre-labour-law-33-2021_p16L_150dpi.png,data/gt/mohre-labour-law-33-2021_p16L.txt,born-digital,none,150,"Muna, TheSansArabic",mohre-labour-law-33-2021,https://mohre.gov.ae/assets/download/43e39236/%D9%85%D8%B1%D8%B3%D9%88%D9%85%20%D8%A8%D9%82%D8%A7%D9%86%D9%88%D9%86%20%D8%A7%D8%AA%D8%AD%D8%A7%D8%AF%D9%8A%20%D8%B1%D9%82%D9%85%2033%20%D9%84%D8%B3%D9%86%D8%A9%202021%20%D8%A8%D8%B4%D8%A3%D9%86%20%D8%AA%D9%86%D8%B8%D9%8A%D9%85%20%D8%B9%D9%84%D8%A7%D9%82%D8%A7%D8%AA%20%D8%A7%D9%84%D8%B9%D9%85%D9%84%20%D9%88%D8%AA%D8%B9%D8%AF%D9%8A%D9%84%D8%A7%D8%AA%D9%87_638990570577815564.pdf.aspx,16L,0,,,none stated in the PDF (official UAE legislation)
yarmouk-6327,data/realscans/yarmouk-6327.png,data/realscans/gt/yarmouk-6327.txt,real-scan,scanned,300,,nod-yarmouk,https://doi.org/10.5281/zenodo.5068735,6327,0,NOD yarmouk_01_col (clean colour scan),single,CC BY 4.0
synth-t3_tahoma_clean,data/synthetic/synth-t3_tahoma_clean.png,data/gt/synth-t3.txt,synthetic,none,300,tahoma,mohre-labour-law-33-2021,https://mohre.gov.ae/assets/download/43e39236/%D9%85%D8%B1%D8%B3%D9%88%D9%85%20%D8%A8%D9%82%D8%A7%D9%86%D9%88%D9%86%20%D8%A7%D8%AA%D8%AD%D8%A7%D8%AF%D9%8A%20%D8%B1%D9%82%D9%85%2033%20%D9%84%D8%B3%D9%86%D8%A9%202021%20%D8%A8%D8%B4%D8%A3%D9%86%20%D8%AA%D9%86%D8%B8%D9%8A%D9%85%20%D8%B9%D9%84%D8%A7%D9%82%D8%A7%D8%AA%20%D8%A7%D9%84%D8%B9%D9%85%D9%84%20%D9%88%D8%AA%D8%B9%D8%AF%D9%8A%D9%84%D8%A7%D8%AA%D9%87_638990570577815564.pdf.aspx,14R,0,,,none stated in the PDF (official UAE legislation)
synth-t3_tahoma_scan,data/synthetic/synth-t3_tahoma_scan.png,data/gt/synth-t3.txt,synthetic,scan,300,tahoma,mohre-labour-law-33-2021,https://mohre.gov.ae/assets/download/43e39236/%D9%85%D8%B1%D8%B3%D9%88%D9%85%20%D8%A8%D9%82%D8%A7%D9%86%D9%88%D9%86%20%D8%A7%D8%AA%D8%AD%D8%A7%D8%AF%D9%8A%20%D8%B1%D9%82%D9%85%2033%20%D9%84%D8%B3%D9%86%D8%A9%202021%20%D8%A8%D8%B4%D8%A3%D9%86%20%D8%AA%D9%86%D8%B8%D9%8A%D9%85%20%D8%B9%D9%84%D8%A7%D9%82%D8%A7%D8%AA%20%D8%A7%D9%84%D8%B9%D9%85%D9%84%20%D9%88%D8%AA%D8%B9%D8%AF%D9%8A%D9%84%D8%A7%D8%AA%D9%87_638990570577815564.pdf.aspx,14R,0,rotation -0.86 deg; gaussian blur 0.9 px; grey levels 25-230; noise sigma 10; JPEG q70,,none stated in the PDF (official UAE legislation)
misraj-142,data/realscans/misraj-142.png,data/realscans/gt/misraj-142.txt,real-scan,photo,0,,misraj-dococr,https://huggingface.co/datasets/Misraj/Misraj-DocOCR,142 (1233d7ab-4d84-49f7-912a-b7e7674576fe),0,,single,Apache-2.0
misraj-040,data/realscans/misraj-040.png,data/realscans/gt/misraj-040.txt,real-scan,scanned,0,,misraj-dococr,https://huggingface.co/datasets/Misraj/Misraj-DocOCR,40 (37f3c5ab-3d24-4f3b-a654-213b6d2e9a6c),0,,single,Apache-2.0
dubai-law-7-2025_p8_300dpi,data/pages/dubai-law-7-2025_p8_300dpi.png,data/gt/dubai-law-7-2025_p8.txt,born-digital,none,300,Times New Roman,dubai-law-7-2025,https://dlp.dubai.gov.ae/Legislation%20Ar%20Reference/2025/%D9%82%D8%A7%D9%86%D9%88%D9%86%20%D8%B1%D9%82%D9%85%20(7)%20%D9%84%D8%B3%D9%86%D8%A9%202025%20%D8%A8%D8%B4%D8%A3%D9%86%20%D8%AA%D9%86%D8%B8%D9%8A%D9%85%20%D9%85%D8%B2%D8%A7%D9%88%D9%84%D8%A9%20%D8%A3%D9%86%D8%B4%D8%B7%D8%A9%20%D8%A7%D9%84%D9%85%D9%82%D8%A7%D9%88%D9%84%D8%A7%D8%AA.pdf,8,0,,,none stated in the PDF (official UAE legislation)
dubai-law-7-2025_p8_150dpi,data/pages/dubai-law-7-2025_p8_150dpi.png,data/gt/dubai-law-7-2025_p8.txt,born-digital,none,150,Times New Roman,dubai-law-7-2025,https://dlp.dubai.gov.ae/Legislation%20Ar%20Reference/2025/%D9%82%D8%A7%D9%86%D9%88%D9%86%20%D8%B1%D9%82%D9%85%20(7)%20%D9%84%D8%B3%D9%86%D8%A9%202025%20%D8%A8%D8%B4%D8%A3%D9%86%20%D8%AA%D9%86%D8%B8%D9%8A%D9%85%20%D9%85%D8%B2%D8%A7%D9%88%D9%84%D8%A9%20%D8%A3%D9%86%D8%B4%D8%B7%D8%A9%20%D8%A7%D9%84%D9%85%D9%82%D8%A7%D9%88%D9%84%D8%A7%D8%AA.pdf,8,0,,,none stated in the PDF (official UAE legislation)
yarmouk-6613,data/realscans/yarmouk-6613.png,data/realscans/gt/yarmouk-6613.txt,real-scan,scanned,300,,nod-yarmouk,https://doi.org/10.5281/zenodo.5068735,6613,0,NOD yarmouk_01_col (clean colour scan),single,CC BY 4.0
synth-t3_times-new-roman_clean,data/synthetic/synth-t3_times-new-roman_clean.png,data/gt/synth-t3.txt,synthetic,none,300,times-new-roman,mohre-labour-law-33-2021,https://mohre.gov.ae/assets/download/43e39236/%D9%85%D8%B1%D8%B3%D9%88%D9%85%20%D8%A8%D9%82%D8%A7%D9%86%D9%88%D9%86%20%D8%A7%D8%AA%D8%AD%D8%A7%D8%AF%D9%8A%20%D8%B1%D9%82%D9%85%2033%20%D9%84%D8%B3%D9%86%D8%A9%202021%20%D8%A8%D8%B4%D8%A3%D9%86%20%D8%AA%D9%86%D8%B8%D9%8A%D9%85%20%D8%B9%D9%84%D8%A7%D9%82%D8%A7%D8%AA%20%D8%A7%D9%84%D8%B9%D9%85%D9%84%20%D9%88%D8%AA%D8%B9%D8%AF%D9%8A%D9%84%D8%A7%D8%AA%D9%87_638990570577815564.pdf.aspx,14R,0,,,none stated in the PDF (official UAE legislation)
synth-t3_times-new-roman_scan,data/synthetic/synth-t3_times-new-roman_scan.png,data/gt/synth-t3.txt,synthetic,scan,300,times-new-roman,mohre-labour-law-33-2021,https://mohre.gov.ae/assets/download/43e39236/%D9%85%D8%B1%D8%B3%D9%88%D9%85%20%D8%A8%D9%82%D8%A7%D9%86%D9%88%D9%86%20%D8%A7%D8%AA%D8%AD%D8%A7%D8%AF%D9%8A%20%D8%B1%D9%82%D9%85%2033%20%D9%84%D8%B3%D9%86%D8%A9%202021%20%D8%A8%D8%B4%D8%A3%D9%86%20%D8%AA%D9%86%D8%B8%D9%8A%D9%85%20%D8%B9%D9%84%D8%A7%D9%82%D8%A7%D8%AA%20%D8%A7%D9%84%D8%B9%D9%85%D9%84%20%D9%88%D8%AA%D8%B9%D8%AF%D9%8A%D9%84%D8%A7%D8%AA%D9%87_638990570577815564.pdf.aspx,14R,0,rotation -1.00 deg; gaussian blur 0.9 px; grey levels 25-230; noise sigma 10; JPEG q70,,none stated in the PDF (official UAE legislation)
misraj-143,data/realscans/misraj-143.png,data/realscans/gt/misraj-143.txt,real-scan,photo,0,,misraj-dococr,https://huggingface.co/datasets/Misraj/Misraj-DocOCR,143 (f08647a9-786a-4a35-a090-fdbd4590354f),0,"phone photo of an open book, two pages",multi,Apache-2.0
misraj-041,data/realscans/misraj-041.png,data/realscans/gt/misraj-041.txt,real-scan,scanned,0,,misraj-dococr,https://huggingface.co/datasets/Misraj/Misraj-DocOCR,41 (3533b836-f155-4e0b-86ea-64ed0a3fb970),0,,single,Apache-2.0
mohre-labour-law-33-2021_p20R_300dpi,data/pages/mohre-labour-law-33-2021_p20R_300dpi.png,data/gt/mohre-labour-law-33-2021_p20R.txt,born-digital,none,300,"Muna, TheSansArabic",mohre-labour-law-33-2021,https://mohre.gov.ae/assets/download/43e39236/%D9%85%D8%B1%D8%B3%D9%88%D9%85%20%D8%A8%D9%82%D8%A7%D9%86%D9%88%D9%86%20%D8%A7%D8%AA%D8%AD%D8%A7%D8%AF%D9%8A%20%D8%B1%D9%82%D9%85%2033%20%D9%84%D8%B3%D9%86%D8%A9%202021%20%D8%A8%D8%B4%D8%A3%D9%86%20%D8%AA%D9%86%D8%B8%D9%8A%D9%85%20%D8%B9%D9%84%D8%A7%D9%82%D8%A7%D8%AA%20%D8%A7%D9%84%D8%B9%D9%85%D9%84%20%D9%88%D8%AA%D8%B9%D8%AF%D9%8A%D9%84%D8%A7%D8%AA%D9%87_638990570577815564.pdf.aspx,20R,0,,,none stated in the PDF (official UAE legislation)
mohre-labour-law-33-2021_p20R_150dpi,data/pages/mohre-labour-law-33-2021_p20R_150dpi.png,data/gt/mohre-labour-law-33-2021_p20R.txt,born-digital,none,150,"Muna, TheSansArabic",mohre-labour-law-33-2021,https://mohre.gov.ae/assets/download/43e39236/%D9%85%D8%B1%D8%B3%D9%88%D9%85%20%D8%A8%D9%82%D8%A7%D9%86%D9%88%D9%86%20%D8%A7%D8%AA%D8%AD%D8%A7%D8%AF%D9%8A%20%D8%B1%D9%82%D9%85%2033%20%D9%84%D8%B3%D9%86%D8%A9%202021%20%D8%A8%D8%B4%D8%A3%D9%86%20%D8%AA%D9%86%D8%B8%D9%8A%D9%85%20%D8%B9%D9%84%D8%A7%D9%82%D8%A7%D8%AA%20%D8%A7%D9%84%D8%B9%D9%85%D9%84%20%D9%88%D8%AA%D8%B9%D8%AF%D9%8A%D9%84%D8%A7%D8%AA%D9%87_638990570577815564.pdf.aspx,20R,0,,,none stated in the PDF (official UAE legislation)
yarmouk-7646,data/realscans/yarmouk-7646.png,data/realscans/gt/yarmouk-7646.txt,real-scan,scanned,300,,nod-yarmouk,https://doi.org/10.5281/zenodo.5068735,7646,0,NOD yarmouk_01_col (clean colour scan),single,CC BY 4.0
synth-t4_noto-naskh_clean,data/synthetic/synth-t4_noto-naskh_clean.png,data/gt/synth-t4.txt,synthetic,none,300,noto-naskh,mohre-labour-law-33-2021,https://mohre.gov.ae/assets/download/43e39236/%D9%85%D8%B1%D8%B3%D9%88%D9%85%20%D8%A8%D9%82%D8%A7%D9%86%D9%88%D9%86%20%D8%A7%D8%AA%D8%AD%D8%A7%D8%AF%D9%8A%20%D8%B1%D9%82%D9%85%2033%20%D9%84%D8%B3%D9%86%D8%A9%202021%20%D8%A8%D8%B4%D8%A3%D9%86%20%D8%AA%D9%86%D8%B8%D9%8A%D9%85%20%D8%B9%D9%84%D8%A7%D9%82%D8%A7%D8%AA%20%D8%A7%D9%84%D8%B9%D9%85%D9%84%20%D9%88%D8%AA%D8%B9%D8%AF%D9%8A%D9%84%D8%A7%D8%AA%D9%87_638990570577815564.pdf.aspx,24L,0,,,none stated in the PDF (official UAE legislation)
synth-t4_noto-naskh_scan,data/synthetic/synth-t4_noto-naskh_scan.png,data/gt/synth-t4.txt,synthetic,scan,300,noto-naskh,mohre-labour-law-33-2021,https://mohre.gov.ae/assets/download/43e39236/%D9%85%D8%B1%D8%B3%D9%88%D9%85%20%D8%A8%D9%82%D8%A7%D9%86%D9%88%D9%86%20%D8%A7%D8%AA%D8%AD%D8%A7%D8%AF%D9%8A%20%D8%B1%D9%82%D9%85%2033%20%D9%84%D8%B3%D9%86%D8%A9%202021%20%D8%A8%D8%B4%D8%A3%D9%86%20%D8%AA%D9%86%D8%B8%D9%8A%D9%85%20%D8%B9%D9%84%D8%A7%D9%82%D8%A7%D8%AA%20%D8%A7%D9%84%D8%B9%D9%85%D9%84%20%D9%88%D8%AA%D8%B9%D8%AF%D9%8A%D9%84%D8%A7%D8%AA%D9%87_638990570577815564.pdf.aspx,24L,0,rotation -0.81 deg; gaussian blur 0.9 px; grey levels 25-230; noise sigma 10; JPEG q70,,none stated in the PDF (official UAE legislation)
misraj-144,data/realscans/misraj-144.png,data/realscans/gt/misraj-144.txt,real-scan,photo,0,,misraj-dococr,https://huggingface.co/datasets/Misraj/Misraj-DocOCR,144 (d33fa3f4-169b-4b4c-badf-e0e008be4728),0,"phone photo of an open book, two pages",multi,Apache-2.0
misraj-042,data/realscans/misraj-042.png,data/realscans/gt/misraj-042.txt,real-scan,scanned,0,,misraj-dococr,https://huggingface.co/datasets/Misraj/Misraj-DocOCR,42 (3e706186-5d98-4083-81e5-3e2c70d16b7a),0,,single,Apache-2.0
dubai-law-7-2025_p10_300dpi,data/pages/dubai-law-7-2025_p10_300dpi.png,data/gt/dubai-law-7-2025_p10.txt,born-digital,none,300,Times New Roman,dubai-law-7-2025,https://dlp.dubai.gov.ae/Legislation%20Ar%20Reference/2025/%D9%82%D8%A7%D9%86%D9%88%D9%86%20%D8%B1%D9%82%D9%85%20(7)%20%D9%84%D8%B3%D9%86%D8%A9%202025%20%D8%A8%D8%B4%D8%A3%D9%86%20%D8%AA%D9%86%D8%B8%D9%8A%D9%85%20%D9%85%D8%B2%D8%A7%D9%88%D9%84%D8%A9%20%D8%A3%D9%86%D8%B4%D8%B7%D8%A9%20%D8%A7%D9%84%D9%85%D9%82%D8%A7%D9%88%D9%84%D8%A7%D8%AA.pdf,10,0,,,none stated in the PDF (official UAE legislation)
dubai-law-7-2025_p10_150dpi,data/pages/dubai-law-7-2025_p10_150dpi.png,data/gt/dubai-law-7-2025_p10.txt,born-digital,none,150,Times New Roman,dubai-law-7-2025,https://dlp.dubai.gov.ae/Legislation%20Ar%20Reference/2025/%D9%82%D8%A7%D9%86%D9%88%D9%86%20%D8%B1%D9%82%D9%85%20(7)%20%D9%84%D8%B3%D9%86%D8%A9%202025%20%D8%A8%D8%B4%D8%A3%D9%86%20%D8%AA%D9%86%D8%B8%D9%8A%D9%85%20%D9%85%D8%B2%D8%A7%D9%88%D9%84%D8%A9%20%D8%A3%D9%86%D8%B4%D8%B7%D8%A9%20%D8%A7%D9%84%D9%85%D9%82%D8%A7%D9%88%D9%84%D8%A7%D8%AA.pdf,10,0,,,none stated in the PDF (official UAE legislation)
yarmouk-8859,data/realscans/yarmouk-8859.png,data/realscans/gt/yarmouk-8859.txt,real-scan,scanned,300,,nod-yarmouk,https://doi.org/10.5281/zenodo.5068735,8859,0,NOD yarmouk_01_col (clean colour scan),single,CC BY 4.0
synth-t4_tahoma_clean,data/synthetic/synth-t4_tahoma_clean.png,data/gt/synth-t4.txt,synthetic,none,300,tahoma,mohre-labour-law-33-2021,https://mohre.gov.ae/assets/download/43e39236/%D9%85%D8%B1%D8%B3%D9%88%D9%85%20%D8%A8%D9%82%D8%A7%D9%86%D9%88%D9%86%20%D8%A7%D8%AA%D8%AD%D8%A7%D8%AF%D9%8A%20%D8%B1%D9%82%D9%85%2033%20%D9%84%D8%B3%D9%86%D8%A9%202021%20%D8%A8%D8%B4%D8%A3%D9%86%20%D8%AA%D9%86%D8%B8%D9%8A%D9%85%20%D8%B9%D9%84%D8%A7%D9%82%D8%A7%D8%AA%20%D8%A7%D9%84%D8%B9%D9%85%D9%84%20%D9%88%D8%AA%D8%B9%D8%AF%D9%8A%D9%84%D8%A7%D8%AA%D9%87_638990570577815564.pdf.aspx,24L,0,,,none stated in the PDF (official UAE legislation)
synth-t4_tahoma_scan,data/synthetic/synth-t4_tahoma_scan.png,data/gt/synth-t4.txt,synthetic,scan,300,tahoma,mohre-labour-law-33-2021,https://mohre.gov.ae/assets/download/43e39236/%D9%85%D8%B1%D8%B3%D9%88%D9%85%20%D8%A8%D9%82%D8%A7%D9%86%D9%88%D9%86%20%D8%A7%D8%AA%D8%AD%D8%A7%D8%AF%D9%8A%20%D8%B1%D9%82%D9%85%2033%20%D9%84%D8%B3%D9%86%D8%A9%202021%20%D8%A8%D8%B4%D8%A3%D9%86%20%D8%AA%D9%86%D8%B8%D9%8A%D9%85%20%D8%B9%D9%84%D8%A7%D9%82%D8%A7%D8%AA%20%D8%A7%D9%84%D8%B9%D9%85%D9%84%20%D9%88%D8%AA%D8%B9%D8%AF%D9%8A%D9%84%D8%A7%D8%AA%D9%87_638990570577815564.pdf.aspx,24L,0,rotation +1.20 deg; gaussian blur 0.9 px; grey levels 25-230; noise sigma 10; JPEG q70,,none stated in the PDF (official UAE legislation)
misraj-044,data/realscans/misraj-044.png,data/realscans/gt/misraj-044.txt,real-scan,scanned,0,,misraj-dococr,https://huggingface.co/datasets/Misraj/Misraj-DocOCR,44 (75aee6e9-89d0-4a0a-a517-767be769b95d),0,,single,Apache-2.0
mohre-labour-law-33-2021_p26L_300dpi,data/pages/mohre-labour-law-33-2021_p26L_300dpi.png,data/gt/mohre-labour-law-33-2021_p26L.txt,born-digital,none,300,"Muna, TheSansArabic",mohre-labour-law-33-2021,https://mohre.gov.ae/assets/download/43e39236/%D9%85%D8%B1%D8%B3%D9%88%D9%85%20%D8%A8%D9%82%D8%A7%D9%86%D9%88%D9%86%20%D8%A7%D8%AA%D8%AD%D8%A7%D8%AF%D9%8A%20%D8%B1%D9%82%D9%85%2033%20%D9%84%D8%B3%D9%86%D8%A9%202021%20%D8%A8%D8%B4%D8%A3%D9%86%20%D8%AA%D9%86%D8%B8%D9%8A%D9%85%20%D8%B9%D9%84%D8%A7%D9%82%D8%A7%D8%AA%20%D8%A7%D9%84%D8%B9%D9%85%D9%84%20%D9%88%D8%AA%D8%B9%D8%AF%D9%8A%D9%84%D8%A7%D8%AA%D9%87_638990570577815564.pdf.aspx,26L,0,,,none stated in the PDF (official UAE legislation)
mohre-labour-law-33-2021_p26L_150dpi,data/pages/mohre-labour-law-33-2021_p26L_150dpi.png,data/gt/mohre-labour-law-33-2021_p26L.txt,born-digital,none,150,"Muna, TheSansArabic",mohre-labour-law-33-2021,https://mohre.gov.ae/assets/download/43e39236/%D9%85%D8%B1%D8%B3%D9%88%D9%85%20%D8%A8%D9%82%D8%A7%D9%86%D9%88%D9%86%20%D8%A7%D8%AA%D8%AD%D8%A7%D8%AF%D9%8A%20%D8%B1%D9%82%D9%85%2033%20%D9%84%D8%B3%D9%86%D8%A9%202021%20%D8%A8%D8%B4%D8%A3%D9%86%20%D8%AA%D9%86%D8%B8%D9%8A%D9%85%20%D8%B9%D9%84%D8%A7%D9%82%D8%A7%D8%AA%20%D8%A7%D9%84%D8%B9%D9%85%D9%84%20%D9%88%D8%AA%D8%B9%D8%AF%D9%8A%D9%84%D8%A7%D8%AA%D9%87_638990570577815564.pdf.aspx,26L,0,,,none stated in the PDF (official UAE legislation)
yarmouk-9107,data/realscans/yarmouk-9107.png,data/realscans/gt/yarmouk-9107.txt,real-scan,scanned,300,,nod-yarmouk,https://doi.org/10.5281/zenodo.5068735,9107,0,NOD yarmouk_01_col (clean colour scan),single,CC BY 4.0
synth-t4_times-new-roman_clean,data/synthetic/synth-t4_times-new-roman_clean.png,data/gt/synth-t4.txt,synthetic,none,300,times-new-roman,mohre-labour-law-33-2021,https://mohre.gov.ae/assets/download/43e39236/%D9%85%D8%B1%D8%B3%D9%88%D9%85%20%D8%A8%D9%82%D8%A7%D9%86%D9%88%D9%86%20%D8%A7%D8%AA%D8%AD%D8%A7%D8%AF%D9%8A%20%D8%B1%D9%82%D9%85%2033%20%D9%84%D8%B3%D9%86%D8%A9%202021%20%D8%A8%D8%B4%D8%A3%D9%86%20%D8%AA%D9%86%D8%B8%D9%8A%D9%85%20%D8%B9%D9%84%D8%A7%D9%82%D8%A7%D8%AA%20%D8%A7%D9%84%D8%B9%D9%85%D9%84%20%D9%88%D8%AA%D8%B9%D8%AF%D9%8A%D9%84%D8%A7%D8%AA%D9%87_638990570577815564.pdf.aspx,24L,0,,,none stated in the PDF (official UAE legislation)
synth-t4_times-new-roman_scan,data/synthetic/synth-t4_times-new-roman_scan.png,data/gt/synth-t4.txt,synthetic,scan,300,times-new-roman,mohre-labour-law-33-2021,https://mohre.gov.ae/assets/download/43e39236/%D9%85%D8%B1%D8%B3%D9%88%D9%85%20%D8%A8%D9%82%D8%A7%D9%86%D9%88%D9%86%20%D8%A7%D8%AA%D8%AD%D8%A7%D8%AF%D9%8A%20%D8%B1%D9%82%D9%85%2033%20%D9%84%D8%B3%D9%86%D8%A9%202021%20%D8%A8%D8%B4%D8%A3%D9%86%20%D8%AA%D9%86%D8%B8%D9%8A%D9%85%20%D8%B9%D9%84%D8%A7%D9%82%D8%A7%D8%AA%20%D8%A7%D9%84%D8%B9%D9%85%D9%84%20%D9%88%D8%AA%D8%B9%D8%AF%D9%8A%D9%84%D8%A7%D8%AA%D9%87_638990570577815564.pdf.aspx,24L,0,rotation -1.24 deg; gaussian blur 0.9 px; grey levels 25-230; noise sigma 10; JPEG q70,,none stated in the PDF (official UAE legislation)
misraj-045,data/realscans/misraj-045.png,data/realscans/gt/misraj-045.txt,real-scan,scanned,0,,misraj-dococr,https://huggingface.co/datasets/Misraj/Misraj-DocOCR,45 (1a3f43fb-6477-4774-a685-4dcdd8817430),0,,single,Apache-2.0
dubai-law-7-2025_p12_300dpi,data/pages/dubai-law-7-2025_p12_300dpi.png,data/gt/dubai-law-7-2025_p12.txt,born-digital,none,300,Times New Roman,dubai-law-7-2025,https://dlp.dubai.gov.ae/Legislation%20Ar%20Reference/2025/%D9%82%D8%A7%D9%86%D9%88%D9%86%20%D8%B1%D9%82%D9%85%20(7)%20%D9%84%D8%B3%D9%86%D8%A9%202025%20%D8%A8%D8%B4%D8%A3%D9%86%20%D8%AA%D9%86%D8%B8%D9%8A%D9%85%20%D9%85%D8%B2%D8%A7%D9%88%D9%84%D8%A9%20%D8%A3%D9%86%D8%B4%D8%B7%D8%A9%20%D8%A7%D9%84%D9%85%D9%82%D8%A7%D9%88%D9%84%D8%A7%D8%AA.pdf,12,0,,,none stated in the PDF (official UAE legislation)
dubai-law-7-2025_p12_150dpi,data/pages/dubai-law-7-2025_p12_150dpi.png,data/gt/dubai-law-7-2025_p12.txt,born-digital,none,150,Times New Roman,dubai-law-7-2025,https://dlp.dubai.gov.ae/Legislation%20Ar%20Reference/2025/%D9%82%D8%A7%D9%86%D9%88%D9%86%20%D8%B1%D9%82%D9%85%20(7)%20%D9%84%D8%B3%D9%86%D8%A9%202025%20%D8%A8%D8%B4%D8%A3%D9%86%20%D8%AA%D9%86%D8%B8%D9%8A%D9%85%20%D9%85%D8%B2%D8%A7%D9%88%D9%84%D8%A9%20%D8%A3%D9%86%D8%B4%D8%B7%D8%A9%20%D8%A7%D9%84%D9%85%D9%82%D8%A7%D9%88%D9%84%D8%A7%D8%AA.pdf,12,0,,,none stated in the PDF (official UAE legislation)
yarmouk-9256,data/realscans/yarmouk-9256.png,data/realscans/gt/yarmouk-9256.txt,real-scan,scanned,300,,nod-yarmouk,https://doi.org/10.5281/zenodo.5068735,9256,0,NOD yarmouk_01_col (clean colour scan),single,CC BY 4.0
misraj-054,data/realscans/misraj-054.png,data/realscans/gt/misraj-054.txt,real-scan,scanned,0,,misraj-dococr,https://huggingface.co/datasets/Misraj/Misraj-DocOCR,54 (66781087-0d48-498d-8a05-28eb96fb5d97),0,,single,Apache-2.0
mohre-labour-law-33-2021_p32R_300dpi,data/pages/mohre-labour-law-33-2021_p32R_300dpi.png,data/gt/mohre-labour-law-33-2021_p32R.txt,born-digital,none,300,"Muna, TheSansArabic",mohre-labour-law-33-2021,https://mohre.gov.ae/assets/download/43e39236/%D9%85%D8%B1%D8%B3%D9%88%D9%85%20%D8%A8%D9%82%D8%A7%D9%86%D9%88%D9%86%20%D8%A7%D8%AA%D8%AD%D8%A7%D8%AF%D9%8A%20%D8%B1%D9%82%D9%85%2033%20%D9%84%D8%B3%D9%86%D8%A9%202021%20%D8%A8%D8%B4%D8%A3%D9%86%20%D8%AA%D9%86%D8%B8%D9%8A%D9%85%20%D8%B9%D9%84%D8%A7%D9%82%D8%A7%D8%AA%20%D8%A7%D9%84%D8%B9%D9%85%D9%84%20%D9%88%D8%AA%D8%B9%D8%AF%D9%8A%D9%84%D8%A7%D8%AA%D9%87_638990570577815564.pdf.aspx,32R,0,,,none stated in the PDF (official UAE legislation)
mohre-labour-law-33-2021_p32R_150dpi,data/pages/mohre-labour-law-33-2021_p32R_150dpi.png,data/gt/mohre-labour-law-33-2021_p32R.txt,born-digital,none,150,"Muna, TheSansArabic",mohre-labour-law-33-2021,https://mohre.gov.ae/assets/download/43e39236/%D9%85%D8%B1%D8%B3%D9%88%D9%85%20%D8%A8%D9%82%D8%A7%D9%86%D9%88%D9%86%20%D8%A7%D8%AA%D8%AD%D8%A7%D8%AF%D9%8A%20%D8%B1%D9%82%D9%85%2033%20%D9%84%D8%B3%D9%86%D8%A9%202021%20%D8%A8%D8%B4%D8%A3%D9%86%20%D8%AA%D9%86%D8%B8%D9%8A%D9%85%20%D8%B9%D9%84%D8%A7%D9%82%D8%A7%D8%AA%20%D8%A7%D9%84%D8%B9%D9%85%D9%84%20%D9%88%D8%AA%D8%B9%D8%AF%D9%8A%D9%84%D8%A7%D8%AA%D9%87_638990570577815564.pdf.aspx,32R,0,,,none stated in the PDF (official UAE legislation)
yarmouk-9497,data/realscans/yarmouk-9497.png,data/realscans/gt/yarmouk-9497.txt,real-scan,scanned,300,,nod-yarmouk,https://doi.org/10.5281/zenodo.5068735,9497,0,NOD yarmouk_01_col (clean colour scan),single,CC BY 4.0
misraj-056,data/realscans/misraj-056.png,data/realscans/gt/misraj-056.txt,real-scan,scanned,0,,misraj-dococr,https://huggingface.co/datasets/Misraj/Misraj-DocOCR,56 (2251095e-dc19-47ac-ab5c-d7c270335e2b),0,,single,Apache-2.0
dubai-law-7-2025_p14_300dpi,data/pages/dubai-law-7-2025_p14_300dpi.png,data/gt/dubai-law-7-2025_p14.txt,born-digital,none,300,Times New Roman,dubai-law-7-2025,https://dlp.dubai.gov.ae/Legislation%20Ar%20Reference/2025/%D9%82%D8%A7%D9%86%D9%88%D9%86%20%D8%B1%D9%82%D9%85%20(7)%20%D9%84%D8%B3%D9%86%D8%A9%202025%20%D8%A8%D8%B4%D8%A3%D9%86%20%D8%AA%D9%86%D8%B8%D9%8A%D9%85%20%D9%85%D8%B2%D8%A7%D9%88%D9%84%D8%A9%20%D8%A3%D9%86%D8%B4%D8%B7%D8%A9%20%D8%A7%D9%84%D9%85%D9%82%D8%A7%D9%88%D9%84%D8%A7%D8%AA.pdf,14,0,,,none stated in the PDF (official UAE legislation)
dubai-law-7-2025_p14_150dpi,data/pages/dubai-law-7-2025_p14_150dpi.png,data/gt/dubai-law-7-2025_p14.txt,born-digital,none,150,Times New Roman,dubai-law-7-2025,https://dlp.dubai.gov.ae/Legislation%20Ar%20Reference/2025/%D9%82%D8%A7%D9%86%D9%88%D9%86%20%D8%B1%D9%82%D9%85%20(7)%20%D9%84%D8%B3%D9%86%D8%A9%202025%20%D8%A8%D8%B4%D8%A3%D9%86%20%D8%AA%D9%86%D8%B8%D9%8A%D9%85%20%D9%85%D8%B2%D8%A7%D9%88%D9%84%D8%A9%20%D8%A3%D9%86%D8%B4%D8%B7%D8%A9%20%D8%A7%D9%84%D9%85%D9%82%D8%A7%D9%88%D9%84%D8%A7%D8%AA.pdf,14,0,,,none stated in the PDF (official UAE legislation)
yarmouk-10023,data/realscans/yarmouk-10023.png,data/realscans/gt/yarmouk-10023.txt,real-scan,scanned,300,,nod-yarmouk,https://doi.org/10.5281/zenodo.5068735,10023,0,NOD yarmouk_01_col (clean colour scan),single,CC BY 4.0
misraj-059,data/realscans/misraj-059.png,data/realscans/gt/misraj-059.txt,real-scan,scanned,0,,misraj-dococr,https://huggingface.co/datasets/Misraj/Misraj-DocOCR,59 (47a8488b-7038-4d1c-976d-f8b543d43698),0,,single,Apache-2.0
mohre-labour-law-33-2021_p38L_300dpi,data/pages/mohre-labour-law-33-2021_p38L_300dpi.png,data/gt/mohre-labour-law-33-2021_p38L.txt,born-digital,none,300,"Muna, TheSansArabic",mohre-labour-law-33-2021,https://mohre.gov.ae/assets/download/43e39236/%D9%85%D8%B1%D8%B3%D9%88%D9%85%20%D8%A8%D9%82%D8%A7%D9%86%D9%88%D9%86%20%D8%A7%D8%AA%D8%AD%D8%A7%D8%AF%D9%8A%20%D8%B1%D9%82%D9%85%2033%20%D9%84%D8%B3%D9%86%D8%A9%202021%20%D8%A8%D8%B4%D8%A3%D9%86%20%D8%AA%D9%86%D8%B8%D9%8A%D9%85%20%D8%B9%D9%84%D8%A7%D9%82%D8%A7%D8%AA%20%D8%A7%D9%84%D8%B9%D9%85%D9%84%20%D9%88%D8%AA%D8%B9%D8%AF%D9%8A%D9%84%D8%A7%D8%AA%D9%87_638990570577815564.pdf.aspx,38L,0,,,none stated in the PDF (official UAE legislation)
mohre-labour-law-33-2021_p38L_150dpi,data/pages/mohre-labour-law-33-2021_p38L_150dpi.png,data/gt/mohre-labour-law-33-2021_p38L.txt,born-digital,none,150,"Muna, TheSansArabic",mohre-labour-law-33-2021,https://mohre.gov.ae/assets/download/43e39236/%D9%85%D8%B1%D8%B3%D9%88%D9%85%20%D8%A8%D9%82%D8%A7%D9%86%D9%88%D9%86%20%D8%A7%D8%AA%D8%AD%D8%A7%D8%AF%D9%8A%20%D8%B1%D9%82%D9%85%2033%20%D9%84%D8%B3%D9%86%D8%A9%202021%20%D8%A8%D8%B4%D8%A3%D9%86%20%D8%AA%D9%86%D8%B8%D9%8A%D9%85%20%D8%B9%D9%84%D8%A7%D9%82%D8%A7%D8%AA%20%D8%A7%D9%84%D8%B9%D9%85%D9%84%20%D9%88%D8%AA%D8%B9%D8%AF%D9%8A%D9%84%D8%A7%D8%AA%D9%87_638990570577815564.pdf.aspx,38L,0,,,none stated in the PDF (official UAE legislation)
yarmouk-11157,data/realscans/yarmouk-11157.png,data/realscans/gt/yarmouk-11157.txt,real-scan,scanned,300,,nod-yarmouk,https://doi.org/10.5281/zenodo.5068735,11157,0,NOD yarmouk_01_col (clean colour scan),single,CC BY 4.0
misraj-060,data/realscans/misraj-060.png,data/realscans/gt/misraj-060.txt,real-scan,scanned,0,,misraj-dococr,https://huggingface.co/datasets/Misraj/Misraj-DocOCR,60 (3cf524b1-4141-4b88-bed3-1604ef8ba21d),0,black scanner border on the right,single,Apache-2.0
yarmouk-11647,data/realscans/yarmouk-11647.png,data/realscans/gt/yarmouk-11647.txt,real-scan,scanned,300,,nod-yarmouk,https://doi.org/10.5281/zenodo.5068735,11647,0,NOD yarmouk_01_col (clean colour scan),single,CC BY 4.0
misraj-065,data/realscans/misraj-065.png,data/realscans/gt/misraj-065.txt,real-scan,scanned,0,,misraj-dococr,https://huggingface.co/datasets/Misraj/Misraj-DocOCR,65 (52f3d3bc-c1ae-47c9-9fc0-9ca6d94f7f25),0,,single,Apache-2.0
yarmouk-12476,data/realscans/yarmouk-12476.png,data/realscans/gt/yarmouk-12476.txt,real-scan,scanned,300,,nod-yarmouk,https://doi.org/10.5281/zenodo.5068735,12476,0,NOD yarmouk_01_col (clean colour scan),single,CC BY 4.0
misraj-066,data/realscans/misraj-066.png,data/realscans/gt/misraj-066.txt,real-scan,scanned,0,,misraj-dococr,https://huggingface.co/datasets/Misraj/Misraj-DocOCR,66 (040e0cfb-8182-49ac-8546-01c051948068),0,,single,Apache-2.0
yarmouk-12866,data/realscans/yarmouk-12866.png,data/realscans/gt/yarmouk-12866.txt,real-scan,scanned,300,,nod-yarmouk,https://doi.org/10.5281/zenodo.5068735,12866,0,NOD yarmouk_01_col (clean colour scan),single,CC BY 4.0
misraj-068,data/realscans/misraj-068.png,data/realscans/gt/misraj-068.txt,real-scan,scanned,0,,misraj-dococr,https://huggingface.co/datasets/Misraj/Misraj-DocOCR,68 (38c01ef3-e952-4df2-979d-183e08990f7a),0,,single,Apache-2.0
yarmouk-13278,data/realscans/yarmouk-13278.png,data/realscans/gt/yarmouk-13278.txt,real-scan,scanned,300,,nod-yarmouk,https://doi.org/10.5281/zenodo.5068735,13278,0,NOD yarmouk_01_col (clean colour scan),single,CC BY 4.0
misraj-070,data/realscans/misraj-070.png,data/realscans/gt/misraj-070.txt,real-scan,scanned,0,,misraj-dococr,https://huggingface.co/datasets/Misraj/Misraj-DocOCR,70 (cbf996b0-87fb-4469-9069-c1a371aa9aea),0,,single,Apache-2.0
yarmouk-13766,data/realscans/yarmouk-13766.png,data/realscans/gt/yarmouk-13766.txt,real-scan,scanned,300,,nod-yarmouk,https://doi.org/10.5281/zenodo.5068735,13766,0,NOD yarmouk_01_col (clean colour scan),single,CC BY 4.0
misraj-072,data/realscans/misraj-072.png,data/realscans/gt/misraj-072.txt,real-scan,scanned,0,,misraj-dococr,https://huggingface.co/datasets/Misraj/Misraj-DocOCR,72 (b7ab3a48-f715-486d-8de8-01bcf4d9d386),0,table,single,Apache-2.0
yarmouk-14730,data/realscans/yarmouk-14730.png,data/realscans/gt/yarmouk-14730.txt,real-scan,scanned,300,,nod-yarmouk,https://doi.org/10.5281/zenodo.5068735,14730,0,NOD yarmouk_01_col (clean colour scan),single,CC BY 4.0
misraj-073,data/realscans/misraj-073.png,data/realscans/gt/misraj-073.txt,real-scan,scanned,0,,misraj-dococr,https://huggingface.co/datasets/Misraj/Misraj-DocOCR,73 (83e36a38-6d66-4a8d-8ade-6168e4528ae1),0,,single,Apache-2.0
yarmouk-16487,data/realscans/yarmouk-16487.png,data/realscans/gt/yarmouk-16487.txt,real-scan,scanned,300,,nod-yarmouk,https://doi.org/10.5281/zenodo.5068735,16487,0,NOD yarmouk_01_col (clean colour scan),single,CC BY 4.0
misraj-076,data/realscans/misraj-076.png,data/realscans/gt/misraj-076.txt,real-scan,scanned,0,,misraj-dococr,https://huggingface.co/datasets/Misraj/Misraj-DocOCR,76 (5afea5dc-bd63-4244-9265-a4b70aa08485),0,,single,Apache-2.0
yarmouk-17231,data/realscans/yarmouk-17231.png,data/realscans/gt/yarmouk-17231.txt,real-scan,scanned,300,,nod-yarmouk,https://doi.org/10.5281/zenodo.5068735,17231,0,NOD yarmouk_01_col (clean colour scan),single,CC BY 4.0
misraj-077,data/realscans/misraj-077.png,data/realscans/gt/misraj-077.txt,real-scan,scanned,0,,misraj-dococr,https://huggingface.co/datasets/Misraj/Misraj-DocOCR,77 (e2f5d20b-ff83-4557-bdbf-912834b45ef0),0,table,single,Apache-2.0
yarmouk-17568,data/realscans/yarmouk-17568.png,data/realscans/gt/yarmouk-17568.txt,real-scan,scanned,300,,nod-yarmouk,https://doi.org/10.5281/zenodo.5068735,17568,0,NOD yarmouk_01_col (clean colour scan),single,CC BY 4.0
misraj-084,data/realscans/misraj-084.png,data/realscans/gt/misraj-084.txt,real-scan,scanned,0,,misraj-dococr,https://huggingface.co/datasets/Misraj/Misraj-DocOCR,84 (738226f8-a4a2-4325-925e-cf28388758c0),0,verse in two columns,single,Apache-2.0
yarmouk-19316,data/realscans/yarmouk-19316.png,data/realscans/gt/yarmouk-19316.txt,real-scan,scanned,300,,nod-yarmouk,https://doi.org/10.5281/zenodo.5068735,19316,0,NOD yarmouk_01_col (clean colour scan),single,CC BY 4.0
misraj-085,data/realscans/misraj-085.png,data/realscans/gt/misraj-085.txt,real-scan,scanned,0,,misraj-dococr,https://huggingface.co/datasets/Misraj/Misraj-DocOCR,85 (c7a4cd7d-0c5c-4d13-8f12-55c0cf514a83),0,,single,Apache-2.0
yarmouk-20181,data/realscans/yarmouk-20181.png,data/realscans/gt/yarmouk-20181.txt,real-scan,scanned,300,,nod-yarmouk,https://doi.org/10.5281/zenodo.5068735,20181,0,NOD yarmouk_01_col (clean colour scan),single,CC BY 4.0
misraj-087,data/realscans/misraj-087.png,data/realscans/gt/misraj-087.txt,real-scan,scanned,0,,misraj-dococr,https://huggingface.co/datasets/Misraj/Misraj-DocOCR,87 (f398f9a7-ad78-48db-9e30-9de65cc28b61),0,,single,Apache-2.0
yarmouk-20700,data/realscans/yarmouk-20700.png,data/realscans/gt/yarmouk-20700.txt,real-scan,scanned,300,,nod-yarmouk,https://doi.org/10.5281/zenodo.5068735,20700,0,NOD yarmouk_01_col (clean colour scan),single,CC BY 4.0
misraj-096,data/realscans/misraj-096.png,data/realscans/gt/misraj-096.txt,real-scan,scanned,0,,misraj-dococr,https://huggingface.co/datasets/Misraj/Misraj-DocOCR,96 (ba20b0d4-9ba1-4689-aa42-9e609edacce0),0,low resolution (514x715),single,Apache-2.0
yarmouk-20961,data/realscans/yarmouk-20961.png,data/realscans/gt/yarmouk-20961.txt,real-scan,scanned,300,,nod-yarmouk,https://doi.org/10.5281/zenodo.5068735,20961,0,NOD yarmouk_01_col (clean colour scan),single,CC BY 4.0
misraj-097,data/realscans/misraj-097.png,data/realscans/gt/misraj-097.txt,real-scan,scanned,0,,misraj-dococr,https://huggingface.co/datasets/Misraj/Misraj-DocOCR,97 (ab081971-c83c-4661-880e-3f1bafbc47a1),0,,single,Apache-2.0
yarmouk-22392,data/realscans/yarmouk-22392.png,data/realscans/gt/yarmouk-22392.txt,real-scan,scanned,300,,nod-yarmouk,https://doi.org/10.5281/zenodo.5068735,22392,0,NOD yarmouk_01_col (clean colour scan),single,CC BY 4.0
misraj-099,data/realscans/misraj-099.png,data/realscans/gt/misraj-099.txt,real-scan,scanned,0,,misraj-dococr,https://huggingface.co/datasets/Misraj/Misraj-DocOCR,99 (ca9262ed-67dc-4405-8984-d31cbf315858),0,,single,Apache-2.0
yarmouk-23330,data/realscans/yarmouk-23330.png,data/realscans/gt/yarmouk-23330.txt,real-scan,scanned,300,,nod-yarmouk,https://doi.org/10.5281/zenodo.5068735,23330,0,NOD yarmouk_01_col (clean colour scan),single,CC BY 4.0
misraj-106,data/realscans/misraj-106.png,data/realscans/gt/misraj-106.txt,real-scan,scanned,0,,misraj-dococr,https://huggingface.co/datasets/Misraj/Misraj-DocOCR,106 (3e6a8b8c-ddff-41ce-b5e0-f682a23848e4),0,very large image (4445x5925),single,Apache-2.0
yarmouk-23706,data/realscans/yarmouk-23706.png,data/realscans/gt/yarmouk-23706.txt,real-scan,scanned,300,,nod-yarmouk,https://doi.org/10.5281/zenodo.5068735,23706,0,NOD yarmouk_01_col (clean colour scan),single,CC BY 4.0
misraj-109,data/realscans/misraj-109.png,data/realscans/gt/misraj-109.txt,real-scan,scanned,0,,misraj-dococr,https://huggingface.co/datasets/Misraj/Misraj-DocOCR,109 (8f0894be-26b2-453e-b135-7077c0fbb7b3),0,,single,Apache-2.0
yarmouk-23898,data/realscans/yarmouk-23898.png,data/realscans/gt/yarmouk-23898.txt,real-scan,scanned,300,,nod-yarmouk,https://doi.org/10.5281/zenodo.5068735,23898,0,NOD yarmouk_01_col (clean colour scan),single,CC BY 4.0
misraj-111,data/realscans/misraj-111.png,data/realscans/gt/misraj-111.txt,real-scan,scanned,0,,misraj-dococr,https://huggingface.co/datasets/Misraj/Misraj-DocOCR,111 (99b382de-a18e-4220-87cf-290da62ddcc6),0,"yellowed paper, verse in two columns",single,Apache-2.0
yarmouk-24870,data/realscans/yarmouk-24870.png,data/realscans/gt/yarmouk-24870.txt,real-scan,scanned,300,,nod-yarmouk,https://doi.org/10.5281/zenodo.5068735,24870,0,NOD yarmouk_01_col (clean colour scan),single,CC BY 4.0
misraj-112,data/realscans/misraj-112.png,data/realscans/gt/misraj-112.txt,real-scan,scanned,0,,misraj-dococr,https://huggingface.co/datasets/Misraj/Misraj-DocOCR,112 (ab29c803-e47b-4284-bbdd-83f45a2dc8af),0,very large image (4445x5925),single,Apache-2.0
yarmouk-25223,data/realscans/yarmouk-25223.png,data/realscans/gt/yarmouk-25223.txt,real-scan,scanned,300,,nod-yarmouk,https://doi.org/10.5281/zenodo.5068735,25223,0,NOD yarmouk_01_col (clean colour scan),single,CC BY 4.0
misraj-119,data/realscans/misraj-119.png,data/realscans/gt/misraj-119.txt,real-scan,scanned,0,,misraj-dococr,https://huggingface.co/datasets/Misraj/Misraj-DocOCR,119 (6a93532e-fc88-4b85-b9ca-14d5b3c594ad),0,French and Arabic catalogue,single,Apache-2.0
yarmouk-26668,data/realscans/yarmouk-26668.png,data/realscans/gt/yarmouk-26668.txt,real-scan,scanned,300,,nod-yarmouk,https://doi.org/10.5281/zenodo.5068735,26668,0,NOD yarmouk_01_col (clean colour scan),single,CC BY 4.0
misraj-125,data/realscans/misraj-125.png,data/realscans/gt/misraj-125.txt,real-scan,scanned,0,,misraj-dococr,https://huggingface.co/datasets/Misraj/Misraj-DocOCR,125 (741ba709-1946-470f-b5d8-4b81e1bdaea8),0,,single,Apache-2.0
yarmouk-27056,data/realscans/yarmouk-27056.png,data/realscans/gt/yarmouk-27056.txt,real-scan,scanned,300,,nod-yarmouk,https://doi.org/10.5281/zenodo.5068735,27056,0,NOD yarmouk_01_col (clean colour scan),single,CC BY 4.0
misraj-137,data/realscans/misraj-137.png,data/realscans/gt/misraj-137.txt,real-scan,scanned,0,,misraj-dococr,https://huggingface.co/datasets/Misraj/Misraj-DocOCR,137 (6f682bb1-90b8-4955-b1a6-80052f430339),0,,single,Apache-2.0
yarmouk-27647,data/realscans/yarmouk-27647.png,data/realscans/gt/yarmouk-27647.txt,real-scan,scanned,300,,nod-yarmouk,https://doi.org/10.5281/zenodo.5068735,27647,0,NOD yarmouk_01_col (clean colour scan),single,CC BY 4.0
yarmouk-28183,data/realscans/yarmouk-28183.png,data/realscans/gt/yarmouk-28183.txt,real-scan,scanned,300,,nod-yarmouk,https://doi.org/10.5281/zenodo.5068735,28183,0,NOD yarmouk_01_col (clean colour scan),single,CC BY 4.0
yarmouk-28746,data/realscans/yarmouk-28746.png,data/realscans/gt/yarmouk-28746.txt,real-scan,scanned,300,,nod-yarmouk,https://doi.org/10.5281/zenodo.5068735,28746,0,NOD yarmouk_01_col (clean colour scan),single,CC BY 4.0
yarmouk-29388,data/realscans/yarmouk-29388.png,data/realscans/gt/yarmouk-29388.txt,real-scan,scanned,300,,nod-yarmouk,https://doi.org/10.5281/zenodo.5068735,29388,0,NOD yarmouk_01_col (clean colour scan),single,CC BY 4.0
yarmouk-29714,data/realscans/yarmouk-29714.png,data/realscans/gt/yarmouk-29714.txt,real-scan,scanned,300,,nod-yarmouk,https://doi.org/10.5281/zenodo.5068735,29714,0,NOD yarmouk_01_col (clean colour scan),single,CC BY 4.0
yarmouk-30565,data/realscans/yarmouk-30565.png,data/realscans/gt/yarmouk-30565.txt,real-scan,scanned,300,,nod-yarmouk,https://doi.org/10.5281/zenodo.5068735,30565,0,NOD yarmouk_01_col (clean colour scan),single,CC BY 4.0
yarmouk-30953,data/realscans/yarmouk-30953.png,data/realscans/gt/yarmouk-30953.txt,real-scan,scanned,300,,nod-yarmouk,https://doi.org/10.5281/zenodo.5068735,30953,0,NOD yarmouk_01_col (clean colour scan),single,CC BY 4.0
yarmouk-31134,data/realscans/yarmouk-31134.png,data/realscans/gt/yarmouk-31134.txt,real-scan,scanned,300,,nod-yarmouk,https://doi.org/10.5281/zenodo.5068735,31134,0,NOD yarmouk_01_col (clean colour scan),single,CC BY 4.0
yarmouk-31455,data/realscans/yarmouk-31455.png,data/realscans/gt/yarmouk-31455.txt,real-scan,scanned,300,,nod-yarmouk,https://doi.org/10.5281/zenodo.5068735,31455,0,NOD yarmouk_01_col (clean colour scan),single,CC BY 4.0
yarmouk-32264,data/realscans/yarmouk-32264.png,data/realscans/gt/yarmouk-32264.txt,real-scan,scanned,300,,nod-yarmouk,https://doi.org/10.5281/zenodo.5068735,32264,0,NOD yarmouk_01_col (clean colour scan),single,CC BY 4.0
yarmouk-32304,data/realscans/yarmouk-32304.png,data/realscans/gt/yarmouk-32304.txt,real-scan,scanned,300,,nod-yarmouk,https://doi.org/10.5281/zenodo.5068735,32304,0,NOD yarmouk_01_col (clean colour scan),single,CC BY 4.0
yarmouk-32559,data/realscans/yarmouk-32559.png,data/realscans/gt/yarmouk-32559.txt,real-scan,scanned,300,,nod-yarmouk,https://doi.org/10.5281/zenodo.5068735,32559,0,NOD yarmouk_01_col (clean colour scan),single,CC BY 4.0
